partner_name,category,region,post_count,total_reposts,total_comments,total_attitudes,total_comment_likes,avg_reposts,avg_comments,avg_attitudes,engagement_rate,top_posts,date_range_start,date_range_end
吴磊,Artist,CN,6,1013551,277971,4092925,0,168925.17,46328.5,682154.17,897407.83,"[""5258590170384993|和平精英的微博视频(4,035,927 likes)"", ""5259624242745380|和平精英的微博视频(24,680 likes)"", ""5259654437012774|#和平精英丝路贺新春#(15,613 likes)""]",2026-01-24T04:30:59+00:00,2026-02-11T03:00:00+00:00
Tian Xiwei,Artist,CN,23,1035097,211278,1663597,0,45004.22,9186.0,72330.3,126520.52,"[""5193709911803955|微博抽奖公示(253,980 likes)"", ""5194062241726687|和平精英的微博视频(236,060 likes)"", ""5086055604948357|田曦薇的微博视频(201,959 likes)""]",2024-10-05T02:00:13+00:00,2026-02-11T03:45:00+00:00
华晨宇,Artist,CN,71,322083,294336,1326992,0,4536.38,4145.58,18690.03,27371.99,"[""4882061397854723|和平精英的微博视频(404,138 likes)"", ""5195149396673453|2025#和平精英刺激之夜#·全明星九大和平风测试卷大揭秘！8月2日12:30，游戏内同款时尚趋势测(98,453 likes)"", ""5026352152970081|和平精英的微博视频(47,086 likes)""]",2022-07-29T03:57:10+00:00,2026-02-11T03:15:00+00:00
宋茜,Artist,CN,29,275632,49256,943780,0,9504.55,1698.48,32544.14,43747.17,"[""4880285688136109|和平精英的微博视频(221,392 likes)"", ""4795087332835946|和平精英的微博视频(165,153 likes)"", ""4795089756357572|#和平精英品牌代言人宋茜#(146,147 likes)""]",2022-07-25T03:56:10+00:00,2026-02-11T03:30:00+00:00
王嘉尔,Artist,CN,13,242285,295291,374246,0,18637.31,22714.69,28788.15,70140.15,"[""4925910312032521|和平精英的微博视频(104,227 likes)"", ""4931346134472005|和平精英的微博视频(29,876 likes)"", ""4931353684213995|和平精英的微博视频(28,291 likes)""]",2023-07-21T04:00:00+00:00,2023-10-01T06:38:43+00:00
李昀锐,Artist,CN,8,66225,48007,356708,0,8278.12,6000.88,44588.5,58867.5,"[""5184277760968006|#李昀锐灵猫魔法师大片#(82,124 likes)"", ""5184305999645655|#李昀锐灵猫魔法师大片#(60,127 likes)"", ""5184625053533027|和平精英的微博视频(56,113 likes)""]",2025-07-03T03:00:00+00:00,2025-09-12T03:00:01+00:00
"华晨宇, 宋茜",Artist,CN,6,21863,5027,278336,0,3643.83,837.83,46389.33,50871.0,"[""4807832681058279|和平精英的微博视频(98,068 likes)"", ""4802404219880660|#PEL夏决明星双排表演赛#(86,386 likes)"", ""4884311209411877|#和平精英绿洲世界#(76,408 likes)""]",2022-08-14T08:30:52+00:00,2023-05-09T07:34:59+00:00
Metro Exodus,Game,CN,219,58736,62117,201932,0,268.2,283.64,922.06,1473.9,"[""5209267432850185|和平精英的微博视频(20,421 likes)"", ""5238258453712717|和平精英的微博视频(20,085 likes)"", ""5208920135828378|#和平精英创乐激战#(17,721 likes)""]",2025-03-24T14:00:00+00:00,2026-02-27T10:00:00+00:00
"吴磊, 华晨宇",Artist,CN,1,11961,3496,188585,0,11961.0,3496.0,188585.0,204042.0,"[""5262900828308807|#和平精英全明星直播周#(188,585 likes)""]",2026-02-05T02:00:00+00:00,2026-02-05T02:00:00+00:00
和平精英品牌代言人,Artist,CN,1,33574,12463,183703,0,33574.0,12463.0,183703.0,229740.0,"[""4793338581222187|#一起去追空投雨#(183,703 likes)""]",2022-07-20T08:07:16+00:00,2022-07-20T08:07:16+00:00
李一桐,Artist,CN,5,76191,7161,155715,0,15238.2,1432.2,31143.0,47813.4,"[""5249507576519296|和平精英的微博视频(36,586 likes)"", ""5249205594751217|和平精英的微博视频(36,251 likes)"", ""5249190486869091|#和平精英暮色玫影#(31,966 likes)""]",2025-12-29T06:00:00+00:00,2025-12-30T07:00:01+00:00
长相思,Movie,CN,3,14028,11189,154394,0,4676.0,3729.67,51464.67,59870.33,"[""4931693418909426|和平精英的微博视频(106,252 likes)"", ""4935677151550635|和平精英的微博视频(47,783 likes)"", ""4937621862358105|和平精英的微博视频(359 likes)""]",2023-08-06T03:00:00+00:00,2023-08-22T11:37:31+00:00
侯明昊,Artist,CN,4,216871,22723,152045,0,54217.75,5680.75,38011.25,97909.75,"[""5272723094766911|#和平精英霜月狼主#(137,034 likes)"", ""5272730770866457|和平精英的微博视频(8,964 likes)"", ""5273055242486319|和平精英的微博视频(4,079 likes)""]",2026-03-04T04:30:11+00:00,2026-03-05T03:00:00+00:00
嘉人,Other,CN,1,28150,2878,144941,0,28150.0,2878.0,144941.0,175969.0,"[""4803060839222205|#2022PEL夏季赛总决赛#(144,941 likes)""]",2022-08-16T04:00:03+00:00,2022-08-16T04:00:03+00:00
吴京,Artist,CN,13,5846,7301,127757,0,449.69,561.62,9827.46,10838.77,"[""4859593342325257|和平精英的微博视频(104,176 likes)"", ""4765743847833766|和平精英的微博视频(11,268 likes)"", ""5153112408195684|和平精英的微博视频(6,348 likes)""]",2022-04-28T03:03:34+00:00,2025-04-11T03:00:34+00:00
陈都灵,Artist,CN,1,166862,224930,123610,0,166862.0,224930.0,123610.0,515402.0,"[""5127043211330464|和平精英的微博视频(123,610 likes)""]",2025-01-26T04:30:20+00:00,2025-01-26T04:30:20+00:00
"宋茜, 杨丽萍",Artist,CN,1,22122,2518,121801,0,22122.0,2518.0,121801.0,146441.0,"[""5161084940454634|和平精英的微博视频(121,801 likes)""]",2025-04-30T03:00:01+00:00,2025-04-30T03:00:01+00:00
"华晨宇, 宋茜, 康姆士, 希林娜依高",Artist,CN,1,18919,1841,96619,0,18919.0,1841.0,96619.0,117379.0,"[""4799176128859112|#2022为你空投计划#(96,619 likes)""]",2022-08-05T10:43:36+00:00,2022-08-05T10:43:36+00:00
Porsche,Brand,CN,9,5040,4971,96192,0,560.0,552.33,10688.0,11800.33,"[""5196953786256206|2025#和平精英刺激之夜# 吉时已到！2025年刺激之夜全明星送福利！ 和平精英品牌代言人华晨宇、(57,730 likes)"", ""5196968886538659|和平精英的微博视频(32,936 likes)"", ""5235721741795433|#2025和平精英全球总决赛#(1,425 likes)""]",2025-07-23T13:41:27+00:00,2025-11-22T02:00:00+00:00
"华晨宇, 宋茜, 希林娜依高, 康姆士COMZ",Artist,CN,1,34165,48558,86773,0,34165.0,48558.0,86773.0,169496.0,"[""4804872892056878|惊喜，从不辜负每一次追寻！8月21日16:00，锁定#2022PEL夏季赛总决赛# 暨空投节盛典「超(86,773 likes)""]",2022-08-21T04:00:30+00:00,2022-08-21T04:00:30+00:00
"华晨宇, 宋茜, 希林娜依高, 康姆士",Artist,CN,1,26387,1199,83859,0,26387.0,1199.0,83859.0,111445.0,"[""4805361864019846|和平精英的微博视频(83,859 likes)""]",2022-08-22T12:23:30+00:00,2022-08-22T12:23:30+00:00
"华晨宇, 宋茜, 一条小团团OvO, 逍遥散人M",Artist,CN,1,1957,1248,74628,0,1957.0,1248.0,74628.0,77833.0,"[""4833283890744045|#你最想和谁组队#(74,628 likes)""]",2022-11-07T13:35:40+00:00,2022-11-07T13:35:40+00:00
硬糖少女303-希林娜依高,Artist,CN,1,16323,3506,68283,0,16323.0,3506.0,68283.0,88112.0,"[""4762451075924951|硬糖少女303希林娜依·高(68,283 likes)""]",2022-04-26T02:31:20+00:00,2022-04-26T02:31:20+00:00
"华晨宇, 宋茜, 希林娜依高, 一条小团团, 逍遥散人",Artist,CN,1,11010,1693,64947,0,11010.0,1693.0,64947.0,77650.0,"[""4832519953058082|#你最想和谁组队#(64,947 likes)""]",2022-11-05T11:00:03+00:00,2022-11-05T11:00:03+00:00
祝绪丹,Artist,CN,7,17277,6073,62847,0,2468.14,867.57,8978.14,12313.86,"[""5236831550704441|#和平精英雪战到底#(27,430 likes)"", ""5241565247179093|和平精英的微博视频(22,195 likes)"", ""5192265396915293|和平精英的微博视频(5,598 likes)""]",2025-07-25T04:00:01+00:00,2026-02-13T06:30:00+00:00
麦当劳,Brand,CN,20,4701,12499,57438,0,235.05,624.95,2871.9,3731.9,"[""4920474569540322|抽奖详情(10,444 likes)"", ""4917243206435744|和平精英的微博视频(7,159 likes)"", ""4917213008495458|#和平精英麦当劳乐园开园# 和平精英麦当劳门店，即将开业！ 和平精英麦当劳乐园，喜欢您来！和平精英麦(5,749 likes)""]",2023-05-15T13:00:00+00:00,2023-07-18T05:00:00+00:00
张予曦,Artist,CN,2,41601,41760,55836,0,20800.5,20880.0,27918.0,69598.5,"[""5042200199041276|张予曦的微博视频(54,695 likes)"", ""5266894644314778|和平百变小舞配饰穿搭拆解，多套风格自由搭配，速来GET张予曦同款穿搭，新年与特种兵们不见不散～(1,141 likes)""]",2024-06-06T01:34:30+00:00,2026-02-16T02:30:00+00:00
"吴京, 华晨宇, 王宝强, 硬糖少女303-希林娜依高, 梁龙, 林晓峰, 单依纯, 汪汪汪佳辉",Artist,CN,1,2596,2075,54846,0,2596.0,2075.0,54846.0,59517.0,"[""4766791858129064|和平精英的微博视频(54,846 likes)""]",2022-05-08T02:00:03+00:00,2022-05-08T02:00:03+00:00
Chinese Paladin,Game,CN,6,2088,1260,52820,0,348.0,210.0,8803.33,9361.33,"[""4866569304016426|抽奖详情(50,434 likes)"", ""4866539105550416|抽奖详情(662 likes)"", ""4867565874315454|和平精英的微博视频(531 likes)""]",2023-02-07T08:00:00+00:00,2023-02-17T08:00:00+00:00
上城士,Other,CN,1,7284,3757,50761,0,7284.0,3757.0,50761.0,61802.0,"[""5265445092591560|#和平精英春节双神装降临#(50,761 likes)""]",2026-02-12T02:30:00+00:00,2026-02-12T02:30:00+00:00
敖瑞鹏,Artist,CN,3,3799,5393,47993,0,1266.33,1797.67,15997.67,19061.67,"[""5265475291580183|#和平精英春节双神装降临#(21,254 likes)"", ""5265490396058675|和平精英的微博视频(13,635 likes)"", ""5265460197065639|上城士的微博视频(13,104 likes)""]",2026-02-12T03:30:01+00:00,2026-02-12T05:30:01+00:00
"吴京, 华晨宇, 宋茜, 龚琳娜, 呼兰, 何广智, 徐志胜, 鸟鸟, 小北, 黄健翔, 管泽元",Artist,CN,1,748,834,45344,0,748.0,834.0,45344.0,46926.0,"[""4860672955384014|和平精英的微博视频(45,344 likes)""]",2023-01-22T03:30:01+00:00,2023-01-22T03:30:01+00:00
breo倍轻松,Brand,CN,1,22571,8477,40920,0,22571.0,8477.0,40920.0,71968.0,"[""5026623940985864|#和平精英#(40,920 likes)""]",2024-04-24T02:00:00+00:00,2024-04-24T02:00:00+00:00
Pleasant Goat,Anime,CN,8,3367,5864,39414,0,420.88,733.0,4926.75,6080.62,"[""5198864525298488|和平精英的微博视频(35,245 likes)"", ""5194077332572412|微博抽奖公示(1,019 likes)"", ""5192612681616204|#喜羊羊与灰太狼快闪#(630 likes)""]",2025-07-04T10:30:00+00:00,2025-08-12T09:02:36+00:00
斗罗大陆,Anime,CN,6,7450,5738,35908,0,1241.67,956.33,5984.67,8182.67,"[""5266509607734555|和平精英的微博视频(15,016 likes)"", ""5266524706969985|《斗罗大陆》官方正版授权合作人物「小舞」，角色装扮系统上线，百变现身海岛，领携新一轮的极致战斗和平精(13,252 likes)"", ""5266286889927816|#和平精英新皮肤#(3,394 likes)""]",2026-02-14T10:15:00+00:00,2026-02-15T02:00:00+00:00
"华晨宇, 宋茜, 希林娜依高",Artist,CN,1,999,929,35735,0,999.0,929.0,35735.0,37663.0,"[""4832529011451567|#华晨宇全网找队友#(35,735 likes)""]",2022-11-05T11:36:03+00:00,2022-11-05T11:36:03+00:00
"哈尔滨文旅, 哈尔滨冰雪大世界, 祝绪丹Bambi","Brand, Brand, Artist",CN,1,10326,2433,34313,0,10326.0,2433.0,34313.0,47072.0,"[""5236816451211422|和平精英的微博视频(34,313 likes)""]",2025-11-25T02:30:00+00:00,2025-11-25T02:30:00+00:00
广州文旅,Other,CN,2,2613,1087,31169,0,1306.5,543.5,15584.5,17434.5,"[""4851351609416289|和平精英的微博视频(30,684 likes)"", ""4852478757327425|#和平精英穿粤了#  和平精英广州文旅重磅联动火热开启中！不仅游戏内可以云游广州塔，鸡仔今日还迫不及(485 likes)""]",2022-12-27T10:10:20+00:00,2022-12-30T12:49:13+00:00
路特斯,Brand,CN,15,4168,11721,30431,0,277.87,781.4,2028.73,3088.0,"[""4788913644503494|和平精英的微博视频(13,458 likes)"", ""4785721862262699|和平精英的微博视频(2,127 likes)"", ""4787146970631111|和平精英的微博视频(1,877 likes)""]",2022-06-29T02:30:18+00:00,2022-08-01T16:00:04+00:00
McLaren,Brand,CN,23,5896,11207,29706,0,256.35,487.26,1291.57,2035.17,"[""4923366056133676|微博抽奖公示(10,855 likes)"", ""4923796383340482|#鸡仔茶话会#(1,685 likes)"", ""4924113472718633|#集结吧！特种兵#(1,678 likes)""]",2023-07-03T16:00:00+00:00,2023-08-13T13:53:30+00:00
姚安娜,Artist,CN,3,2979,4554,25008,0,993.0,1518.0,8336.0,10847.0,"[""5011101746201177|和平精英的微博视频(18,880 likes)"", ""5026329505039866|和平精英的微博视频(4,098 likes)"", ""5026344597718081|#姚安娜又给网友机会了#(2,030 likes)""]",2024-03-12T06:00:21+00:00,2024-04-23T07:30:00+00:00
巴啦啦小魔仙,Anime,CN,9,2838,7694,24408,0,315.33,854.89,2712.0,3882.22,"[""5052893151369659|刘美含的微博视频(15,387 likes)"", ""5189441826064368|抽奖详情(3,647 likes)"", ""5198848772801364|#和平精英巴啦啦小魔仙二次联动#(1,602 likes)""]",2023-03-26T08:00:00+00:00,2025-08-12T08:00:00+00:00
"敖瑞鹏, 王玉雯",Artist,CN,1,1002,1464,22795,0,1002.0,1464.0,22795.0,25261.0,"[""5265799930446702|#请选择你的和平吃鸡搭子#(22,795 likes)""]",2026-02-13T02:00:00+00:00,2026-02-13T02:00:00+00:00
哈尔滨冰雪大世界,Brand,CN,6,6519,4286,20740,0,1086.5,714.33,3456.67,5257.5,"[""4988346585844810|抽奖详情(11,332 likes)"", ""5246608473589412|#跟着和平精英走遍哈尔滨#(3,052 likes)"", ""4987164941355214|和平精英的微博视频(2,212 likes)""]",2024-01-06T04:44:02+00:00,2025-12-29T03:30:01+00:00
Ne Zha,Movie,CN,23,15450,6350,20345,0,671.74,276.09,884.57,1832.39,"[""5193698789033079|和平精英的微博视频(4,832 likes)"", ""5193095865701623|抽奖详情(2,948 likes)"", ""5196598951020922|和平精英的微博视频(1,587 likes)""]",2025-07-27T11:00:00+00:00,2025-09-10T08:00:00+00:00
特战荣耀,Movie,CN,2,2213,1188,19859,0,1106.5,594.0,9929.5,11630.0,"[""4758124738907219|和平精英的微博视频(19,716 likes)"", ""4758109811904005|#特战荣耀里开了一局和平精英# “T”城地图已开启，准备集合，大吉大利，一起夺冠！#特战荣耀游戏照进(143 likes)""]",2022-04-14T03:00:43+00:00,2022-04-14T04:00:02+00:00
欧莱雅,Brand,CN,2,4489,2216,18267,0,2244.5,1108.0,9133.5,12486.0,"[""4813198693243434|和平精英携手第二代欧莱雅小金瓶护发精油推出联名款限定礼盒！戳→ 网页链接 ，速速get花花同款神器，(17,512 likes)"", ""4772683206101349|和平精英的微博视频(755 likes)""]",2022-05-24T08:10:11+00:00,2022-09-13T03:24:16+00:00
任哲,Artist,CN,5,7627,2558,17915,0,1525.4,511.6,3583.0,5620.0,"[""5237903951397244|和平精英的微博视频(9,082 likes)"", ""5237911164295259|#和平精英天象三御#(4,554 likes)"", ""5237186388825781|和平精英的微博视频(1,831 likes)""]",2025-11-25T05:00:00+00:00,2025-11-28T03:00:00+00:00
"哈尔滨文旅, 哈尔滨冰雪大世界",Other,CN,2,3068,981,16882,0,1534.0,490.5,8441.0,10465.5,"[""5236129423954696|#和平精英雪战到底#(12,564 likes)"", ""5236124953084449|和平精英的微博视频(4,318 likes)""]",2025-11-23T04:42:13+00:00,2025-11-23T05:00:00+00:00
虞书欣,Artist,CN,1,730,1991,15976,0,730.0,1991.0,15976.0,18697.0,"[""5198894184799644|2025#和平精英刺激之夜#虞书欣cos焦糖拿铁甜度超标！🍬《海岛奇幻巡游》舞台直击！和平精英品牌代(15,976 likes)""]",2025-08-12T11:00:27+00:00,2025-08-12T11:00:27+00:00
时尚芭莎,Brand,CN,1,832,1251,15340,0,832.0,1251.0,15340.0,17423.0,"[""5195920046035411|和平精英 x 时尚芭莎「刺激之夜」时尚企划开启！2025和平精英刺激之夜·独家时尚创意合作伙伴时尚芭(15,340 likes)""]",2025-08-04T06:02:17+00:00,2025-08-04T06:02:17+00:00
希林娜依高,Artist,CN,2,10679,1378,14887,0,5339.5,689.0,7443.5,13472.0,"[""4806428030929797|和平精英的微博视频(10,588 likes)"", ""4803072935073610|带着追空投雨的勇气，与每位不凡的精英特种兵一起并肩作战！ 8月21日，和3周年庆精英邀请官 @希林娜(4,299 likes)""]",2022-08-16T04:48:07+00:00,2022-08-25T11:00:04+00:00
精灵梦叶罗丽,Anime,CN,3,685,2314,14512,0,228.33,771.33,4837.33,5837.0,"[""5173153212924305|和平精英的微博视频(6,777 likes)"", ""5173149433332805|#和平精英新皮肤#(6,130 likes)"", ""5174485738853164|#和平精英新皮肤#(1,605 likes)""]",2025-06-02T10:00:00+00:00,2025-06-06T02:30:00+00:00
"麦当劳, 一加手机, Stride炫迈, 361度, 品客大叔Pringles, 周大生, 乐刻运动, IM-BODY, SEASONS季节香薰, CleerAudio",Brand,CN,3,462,536,13229,0,154.0,178.67,4409.67,4742.33,"[""4927692073343742|和平精英的微博视频(12,195 likes)"", ""4927329664767395|#和平精英空投节#(548 likes)"", ""4927344764261335|#和平精英空投节#(486 likes)""]",2023-07-25T02:00:00+00:00,2023-07-26T02:00:05+00:00
狐妖小红娘,Anime,CN,11,997,3094,13102,0,90.64,281.27,1191.09,1563.0,"[""4968400290320088|#和平精英#(2,883 likes)"", ""4968317247556215|和平精英的微博视频(2,880 likes)"", ""4968437766160857|和平精英的微博直播(2,581 likes)""]",2023-10-30T07:05:09+00:00,2023-12-04T10:00:00+00:00
大话西游,Movie,CN,10,3442,1923,11891,0,344.2,192.3,1189.1,1725.6,"[""4859585787859775|#和平精英盖世英雄#(5,860 likes)"", ""4860340765983969|和平精英的微博视频(1,624 likes)"", ""4860016123184165|和平精英的微博视频(1,286 likes)""]",2023-01-18T08:30:00+00:00,2023-06-13T10:01:53+00:00
Spider-Man,Movie,CN,3,473,592,11586,0,157.67,197.33,3862.0,4217.0,"[""4906311189268319|抽奖详情(10,881 likes)"", ""4906733958600420|和平精英的微博视频(381 likes)"", ""4907859466782074|PEL和平精英职业联赛选手@上海NV-Paraboy  @33Svan @我和FlowerC@VS_(324 likes)""]",2023-05-28T02:00:05+00:00,2023-06-01T08:32:22+00:00
DC,IP,CN,7,2322,6087,10844,0,331.71,869.57,1549.14,2750.43,"[""5169404759246749|抽奖详情(4,691 likes)"", ""5169533305492776|和平精英的微博视频(3,254 likes)"", ""5169146062703401|和平精英的微博视频(1,035 likes)""]",2025-05-20T06:12:07+00:00,2025-05-24T07:32:44+00:00
Maserati,Brand,CN,15,7237,3835,10721,0,482.47,255.67,714.73,1452.87,"[""4859600892069271|玛莎拉蒂最新款载具皮肤即将上线！ 1月19日晚 20:00， 月洋将和神秘人气主播一起为大家提前展示(3,537 likes)"", ""4859238499223201|#和平精英玛莎拉蒂新春车皮#(1,768 likes)"", ""4860046322963639|游园纳福(767 likes)""]",2023-01-18T04:30:01+00:00,2023-12-26T14:12:20+00:00
快手,Other,CN,23,2443,3726,10193,0,106.22,162.0,443.17,711.39,"[""4797306967427380|#和平精英夏日空投派对#(1,643 likes)"", ""4769721864687737|#和平精英突变团竞#(1,424 likes)"", ""4752038467997077|#和平精英#(491 likes)""]",2022-03-28T08:55:22+00:00,2025-08-05T12:00:57+00:00
中国大熊猫保护研究中心,Other,CN,5,601,1073,9411,0,120.2,214.6,1882.2,2217.0,"[""4938631758218657|抽奖详情(5,451 likes)"", ""4935694788600925|和平精英的微博视频(2,914 likes)"", ""4934949407036852|和平精英的微博视频(358 likes)""]",2023-08-15T02:38:08+00:00,2023-08-25T06:30:29+00:00
周大生,Brand,CN,1,3167,729,8270,0,3167.0,729.0,8270.0,12166.0,"[""4949797717672624|微博抽奖公示(8,270 likes)""]",2023-09-25T02:00:01+00:00,2023-09-25T02:00:01+00:00
王玉雯,Artist,CN,4,3468,901,8076,0,867.0,225.25,2019.0,3111.25,"[""5265467754153710|上城士的微博视频(3,840 likes)"", ""5265482841067197|#和平精英春节双神装降临#(1,537 likes)"", ""5265822585195158|和平精英的微博视频(1,359 likes)""]",2026-02-12T04:00:03+00:00,2026-02-13T03:30:01+00:00
谭晶,Artist,CN,2,1891,864,7502,0,945.5,432.0,3751.0,5128.5,"[""5241618095672548|和平精英的微博视频(4,112 likes)"", ""5232211105679295|抽奖详情(3,390 likes)""]",2025-11-12T09:30:00+00:00,2025-12-08T08:30:01+00:00
哈尔滨文旅,Other,CN,2,710,714,7159,0,355.0,357.0,3579.5,4291.5,"[""5237918714303127|#和平精英雪战到底#(5,033 likes)"", ""5237556326698193|#和平精英雪战到底#(2,126 likes)""]",2025-11-27T03:30:00+00:00,2025-11-28T03:30:00+00:00
盐津铺子,Brand,CN,1,250,610,7069,0,250.0,610.0,7069.0,7929.0,"[""5196583848645116|#盐津铺子大魔王#(7,069 likes)""]",2025-08-06T02:00:00+00:00,2025-08-06T02:00:00+00:00
斗鱼,Brand,CN,16,1720,2672,6925,0,107.5,167.0,432.81,707.31,"[""4796566830844100|#斗鱼精英手册#(1,084 likes)"", ""4786104111467244|#斗鱼精英手册#(685 likes)"", ""4800571627803173|#斗鱼秋名山杯#(503 likes)""]",2022-06-30T09:00:04+00:00,2025-06-22T02:30:01+00:00
中国李宁,Brand,CN,5,741,2074,6661,0,148.2,414.8,1332.2,1895.2,"[""4892918073263129|抽奖详情(3,374 likes)"", ""4889671525995153|和平精英的微博视频(1,048 likes)"", ""4889312070468974|和平精英的微博视频(1,047 likes)""]",2023-04-11T04:11:39+00:00,2023-04-29T04:00:09+00:00
"洛天依, 黄子弘凡, 哔哩哔哩",Artist,CN,1,5364,2433,6364,0,5364.0,2433.0,6364.0,14161.0,"[""5250012007370922|哔哩哔哩跨年晚会的微博视频(6,364 likes)""]",2025-12-31T12:24:26+00:00,2025-12-31T12:24:26+00:00
否极工作室,Other,CN,1,215,221,6352,0,215.0,221.0,6352.0,6788.0,"[""5228171989358066|和平精英的微博视频(6,352 likes)""]",2025-11-01T06:00:00+00:00,2025-11-01T06:00:00+00:00
京东电视俱乐部,Brand,CN,1,2415,1000,6303,0,2415.0,1000.0,6303.0,9718.0,"[""4834573474857311|#屏实力进圈#(6,303 likes)""]",2022-11-11T03:00:00+00:00,2022-11-11T03:00:00+00:00
欢乐谷,Brand,CN,2,362,396,6082,0,181.0,198.0,3041.0,3420.0,"[""5245913897111127|#和平精英欢乐谷联动#(6,066 likes)"", ""5258959863681435|和平精英的微博视频(16 likes)""]",2025-12-20T05:00:00+00:00,2026-01-25T05:00:01+00:00
奥斯汀玫瑰,Artist,CN,2,491,328,5909,0,245.5,164.0,2954.5,3364.0,"[""4915499216142487|和平精英的微博视频(5,417 likes)"", ""4915491661157159|微博抽奖公示(492 likes)""]",2023-06-22T10:00:00+00:00,2023-06-22T10:30:00+00:00
华发冰雪热雪奇迹,Brand,CN,4,1446,1758,5893,0,361.5,439.5,1473.25,2274.25,"[""5248061800193374|#深圳华发冰雪乐园#(2,029 likes)"", ""5244071758005629|#和平精英雪战到底#(2,022 likes)"", ""5248065575328140|和平精英的微博视频(1,023 likes)""]",2025-12-08T03:00:00+00:00,2025-12-26T03:30:00+00:00
FILA,Brand,CN,5,507,2652,5537,0,101.4,530.4,1107.4,1739.2,"[""4771254710832993|#FILA和平精英# 空投行动持续进行中，快和鸡仔一起@FILA 加入时尚空投狂欢派对，成为#FIL(3,039 likes)"", ""4769404073803928|#我的和平故事#(748 likes)"", ""4767694677345235|#我的和平故事#(656 likes)""]",2022-05-09T04:00:06+00:00,2022-05-20T09:33:51+00:00
花花,Artist,CN,1,2047,2609,5135,0,2047.0,2609.0,5135.0,9791.0,"[""5215080733476067|抽奖详情(5,135 likes)""]",2025-09-26T03:00:00+00:00,2025-09-26T03:00:00+00:00
qdc,Brand,CN,1,2163,1704,4706,0,2163.0,1704.0,4706.0,8573.0,"[""5174504613218946|微博抽奖公示(4,706 likes)""]",2025-06-06T03:45:00+00:00,2025-06-06T03:45:00+00:00
淘宝闪购,Brand,CN,1,140,524,4677,0,140.0,524.0,4677.0,5341.0,"[""5197731410216904|#刺激之夜#(4,677 likes)""]",2025-08-09T06:00:00+00:00,2025-08-09T06:00:00+00:00
张大大,Artist,CN,2,532,359,4458,0,266.0,179.5,2229.0,2674.5,"[""4949163533668472|和平精英的微博视频(2,357 likes)"", ""4949148433384678|#张大大送星星#(2,101 likes)""]",2023-09-23T07:00:00+00:00,2023-09-23T08:00:00+00:00
一条小团团OvO,Artist,CN,3,145,1466,4407,0,48.33,488.67,1469.0,2006.0,"[""4772695928213121|5月27日0点重新开张(3,272 likes)"", ""4811848744439969|#和平精英#(675 likes)"", ""4812482922945414|#和平精英#(460 likes)""]",2022-05-24T09:00:44+00:00,2022-09-11T04:00:03+00:00
饥饿游戏：鸣鸟与蛇之歌,Movie,CN,1,197,727,4148,0,197.0,727.0,4148.0,5072.0,"[""4969011821414408|和平精英的微博视频(4,148 likes)""]",2023-11-17T02:30:01+00:00,2023-11-17T02:30:01+00:00
五菱汽车,Brand,CN,1,260,618,4065,0,260.0,618.0,4065.0,4943.0,"[""5158560833208653|和平精英的微博视频(4,065 likes)""]",2025-04-23T03:50:06+00:00,2025-04-23T03:50:06+00:00
一加,Brand,CN,4,1211,1844,3934,0,302.75,461.0,983.5,1747.25,"[""5237624278092400|#一加Ace6T#(1,589 likes)"", ""4949118239375876|抽奖详情(1,134 likes)"", ""4805231512128600|听说@和平精英王小歪 和@JTeamRGG 成为了本次的「Ace最稳王牌」，恭喜恭喜！参与了竞猜活动(812 likes)""]",2022-08-15T11:20:02+00:00,2025-11-27T08:00:01+00:00
一加手机,Brand,CN,4,4176,2488,3870,0,1044.0,622.0,967.5,2633.5,"[""4769770128017973|「稳住名场面」票选活动上线！快来欣赏选手们的最稳名场面，评出你心目中的PEL「最稳王牌」！ 关注+带(1,714 likes)"", ""4795497070461918|抽奖详情(1,121 likes)"", ""4852028490915854|抽奖详情(541 likes)""]",2022-04-21T09:33:57+00:00,2022-12-29T07:00:00+00:00
Transformers,Movie,CN,11,1791,1332,3787,0,162.82,121.09,344.27,628.18,"[""4984254763634533|和平精英的微博视频(654 likes)"", ""4983288400445663|和平精英的微博视频(499 likes)"", ""4811380660373941|#和平精英#讨论中(403 likes)""]",2022-09-08T03:00:03+00:00,2025-08-06T10:12:05+00:00
淘宝,Brand,CN,3,1059,1116,3690,0,353.0,372.0,1230.0,1955.0,"[""5228141792200985|#来淘宝吃鸡# 特种兵！你的好宝来咯！《和平精英》×淘宝4个月月赛狂欢启动，淘宝空投已就位！🎉 11(2,386 likes)"", ""5247363448573923|#大学生无限派对#(1,297 likes)"", ""5261496578998890|#和平精英全民赛场#(7 likes)""]",2025-11-01T04:00:00+00:00,2026-02-01T05:00:00+00:00
洛阳古墓博物馆,Other,CN,4,995,1020,3506,0,248.75,255.0,876.5,1380.25,"[""5253252254798778|和平精英的微博视频(1,388 likes)"", ""5253326612469252|#和平精英古墓迷途#(1,052 likes)"", ""5253524230767489|#和平精英古墓迷途#(1,035 likes)""]",2026-01-09T11:00:01+00:00,2026-01-26T02:00:01+00:00
"古子成, 解鑫豪, 许栋铭, 小樱吴芊盈",Artist,CN,2,756,672,3396,0,378.0,336.0,1698.0,2412.0,"[""5263655803029822|#想去你的2026#(2,603 likes)"", ""5265543239043689|#想去你的2026#(793 likes)""]",2026-02-07T04:00:00+00:00,2026-02-12T09:00:00+00:00
YSL圣罗兰美妆,Brand,CN,2,705,1867,3302,0,352.5,933.5,1651.0,2937.0,"[""4794013939663019|微博抽奖公示(1,701 likes)"", ""4796636007499940|和平精英的微博视频(1,601 likes)""]",2022-07-22T04:50:53+00:00,2022-07-29T10:30:04+00:00
国际汽联电动方程式锦标赛,Brand,CN,1,206,610,3195,0,206.0,610.0,3195.0,4011.0,"[""4969087341955698|抽奖详情(3,195 likes)""]",2023-11-17T07:30:06+00:00,2023-11-17T07:30:06+00:00
独行月球,Movie,CN,5,1284,1634,3047,0,256.8,326.8,609.4,1193.0,"[""4796529078704769|和平精英的微博视频(1,303 likes)"", ""4802336067950891|和平精英的微博视频(616 likes)"", ""4796175040909959|抽奖详情(532 likes)""]",2022-07-26T03:55:29+00:00,2022-08-14T04:00:04+00:00
Crocs,Brand,CN,1,461,538,3040,0,461.0,538.0,3040.0,4039.0,"[""5239058730319990|和平精英的微博视频(3,040 likes)""]",2025-12-01T07:00:00+00:00,2025-12-01T07:00:00+00:00
空山基,IP,CN,2,539,579,2996,0,269.5,289.5,1498.0,2057.0,"[""5231403282728787|#和平集市空山基夺宝#(1,547 likes)"", ""5231765670858312|#和平集市空山基夺宝#(1,449 likes)""]",2025-11-10T04:00:00+00:00,2025-11-11T04:00:00+00:00
刘畊宏,Artist,CN,3,528,1360,2925,0,176.0,453.33,975.0,1604.33,"[""4763740550992801|和平精英的微博视频(1,989 likes)"", ""4763173276357240|【超话】和平精英(547 likes)"", ""4763281036412514|#和平精英送毽子操动作#(389 likes)""]",2022-04-28T02:21:07+00:00,2022-04-29T15:55:16+00:00
RIO强爽,Brand,CN,2,684,1060,2922,0,342.0,530.0,1461.0,2333.0,"[""5192598935311382|#RIO强爽#(1,596 likes)"", ""5194054696700343|你们的强爽带着门票来了！【关注】@RIO强爽官方微博 ，超多门票抽不停！(1,326 likes)""]",2025-07-26T02:05:23+00:00,2025-07-30T02:30:03+00:00
深圳欢乐谷,Brand,CN,1,304,375,2876,0,304.0,375.0,2876.0,3555.0,"[""5249220686381331|#和平精英暮色玫影#(2,876 likes)""]",2025-12-29T08:00:00+00:00,2025-12-29T08:00:00+00:00
1点点奶茶,Brand,CN,1,113,491,2870,0,113.0,491.0,2870.0,3474.0,"[""4968302143341794|#Peace1点点#(2,870 likes)""]",2023-11-15T03:30:00+00:00,2023-11-15T03:30:00+00:00
敦煌国际美术馆,Other,CN,1,2803,2835,2842,0,2803.0,2835.0,2842.0,8480.0,"[""5260018467472889|黄旭BooM的微博视频(2,842 likes)""]",2026-01-28T03:06:32+00:00,2026-01-28T03:06:32+00:00
京东,Brand,CN,4,359,672,2784,0,89.75,168.0,696.0,953.75,"[""4796551781943552|#京东二楼特物Z#(1,496 likes)"", ""4795820437932636|#727空投雨#(577 likes)"", ""4795835706248836|和平精英的微博视频(373 likes)""]",2022-07-27T04:29:17+00:00,2025-06-27T11:30:01+00:00
康姆士COMZ,Artist,CN,4,798,660,2720,0,199.5,165.0,680.0,1044.5,"[""4795804998439542|#和平空投节大片#(1,182 likes)"", ""4800509024141498|康姆士乐团(1,041 likes)"", ""4803073279265660|不要怂了，来一起追！只要向前，一切终将会遇见！  8月21日，和空投节惊喜传递官 @康姆士COMZ (410 likes)""]",2022-07-27T03:27:56+00:00,2022-08-25T11:01:00+00:00
大熊猫,IP,CN,4,670,1420,2697,0,167.5,355.0,674.25,1196.75,"[""4936117575751067|抽奖详情(1,666 likes)"", ""4935422994290336|#在和平精英给大熊猫打工#(349 likes)"", ""4935875273952433|和平精英的微博视频(347 likes)""]",2023-08-16T10:00:00+00:00,2023-08-18T08:00:01+00:00
三星,Brand,CN,1,1008,1344,2656,0,1008.0,1344.0,2656.0,5008.0,"[""4948725653310300|和平精英的微博视频(2,656 likes)""]",2023-09-22T03:00:01+00:00,2023-09-22T03:00:01+00:00
赵品霖,Artist,CN,1,448,384,2611,0,448.0,384.0,2611.0,3443.0,"[""4928442254232503|空投节助力特种兵@赵品霖LLLLL × 和平精英全新单曲《永不止境》已上线QQ音乐>>网页链接  听(2,611 likes)""]",2023-07-28T03:41:02+00:00,2023-07-28T03:41:02+00:00
ROG游戏手机,Brand,CN,2,4876,2627,2519,0,2438.0,1313.5,1259.5,5011.0,"[""4890366106666802|微博抽奖公示(1,462 likes)"", ""4814287305181918|微博抽奖公示(1,057 likes)""]",2022-09-16T03:30:01+00:00,2023-04-14T02:00:01+00:00
熊出没,Anime,CN,2,54,348,2426,0,27.0,174.0,1213.0,1414.0,"[""5190166566142450|熊出没的微博视频(1,370 likes)"", ""5127052153852211|熊出没的微博视频(1,056 likes)""]",2025-01-26T05:05:52+00:00,2025-07-19T09:00:01+00:00
联合国妇女署,Other,CN,4,411,602,2296,0,102.75,150.5,574.0,827.25,"[""4766209163923997|【超话】和平精英(878 likes)"", ""4766536126431606|和平精英的微博视频(795 likes)"", ""4766191296448661|5月7日下午4点，锁定联合国妇女署《看见游戏世界里的她》微博直播活动 ，来听和平精英数字代言人吉莉与(529 likes)""]",2022-05-04T08:13:16+00:00,2022-05-07T09:03:52+00:00
创维剃须刀,Brand,CN,1,819,402,2283,0,819.0,402.0,2283.0,3504.0,"[""5260077222855452|抽奖详情(2,283 likes)""]",2026-01-28T07:00:00+00:00,2026-01-28T07:00:00+00:00
未知,Other,CN,1,363,640,2218,0,363.0,640.0,2218.0,3221.0,"[""5193080765942689|这是谁来和平精英了？肉身重塑了解一下！高大威猛，兼备俊美秀气、阳刚硬朗，不失活泼可爱，这版肯定是最出(2,218 likes)""]",2025-07-27T10:00:00+00:00,2025-07-27T10:00:00+00:00
开心麻花,Other,CN,4,437,533,2154,0,109.25,133.25,538.5,781.0,"[""4858921410633050|#和平精英首部开心麻花喜剧#(610 likes)"", ""4860318121730296|和平精英的微博视频(590 likes)"", ""4858913864818212|#和平精英首部开心麻花喜剧#(504 likes)""]",2023-01-17T07:00:02+00:00,2023-01-21T04:00:03+00:00
"华晨宇, 杨紫, PSY, 布瑞吉, 李昀锐, 夏梦",Artist,CN,1,218,239,2151,0,218.0,239.0,2151.0,2608.0,"[""4951688924105900|和平精英的微博视频(2,151 likes)""]",2023-09-30T07:15:00+00:00,2023-09-30T07:15:00+00:00
技能五子棋,Game,CN,2,1295,572,2104,0,647.5,286.0,1052.0,1985.5,"[""5226405467785571|和平精英的微博视频(1,676 likes)"", ""5226342534876866|和平精英的微博视频(428 likes)""]",2025-10-27T04:50:24+00:00,2025-10-27T09:00:28+00:00
环太平洋,Movie,CN,4,686,519,1981,0,171.5,129.75,495.25,796.5,"[""4844463643961434|抽奖详情(730 likes)"", ""4844471188986907|和平精英的微博视频(709 likes)"", ""4844765647208782|#环太平洋#(337 likes)""]",2022-12-08T10:00:00+00:00,2023-10-24T11:00:01+00:00
"B站, 斗鱼, 虎牙, 快手",Other,CN,2,223,159,1857,0,111.5,79.5,928.5,1119.5,"[""4796612573922674|来啦来啦，特种兵们看过来！ 《和平精英》与B站、斗鱼、虎牙、快手四大直播&内容平台联手，将于7月29(1,529 likes)"", ""4931368779515183|#和平精英#(328 likes)""]",2022-07-29T08:56:57+00:00,2023-08-05T05:30:00+00:00
陆柯燃,Artist,CN,1,355,166,1824,0,355.0,166.0,1824.0,2345.0,"[""4803856145847650|#陆柯燃NV次元壁破了# #陪NV战斗一夏#8月18日18:00锁定上海NV腾讯视频战队线上主场，与(1,824 likes)""]",2022-08-18T08:40:19+00:00,2022-08-18T08:40:19+00:00
欧莱雅美发,Brand,CN,1,113,483,1773,0,113.0,483.0,1773.0,2369.0,"[""4771574542764480|#和平精英超话#(1,773 likes)""]",2022-05-21T06:44:45+00:00,2022-05-21T06:44:45+00:00
微博游戏动漫展,Other,CN,1,304,312,1730,0,304.0,312.0,1730.0,2346.0,"[""5238620840529672|#二次元快乐日#(1,730 likes)""]",2025-11-30T02:00:00+00:00,2025-11-30T02:00:00+00:00
刘也,Artist,CN,1,967,313,1703,0,967.0,313.0,1703.0,2983.0,"[""4967252730577027|和平精英的微博视频(1,703 likes)""]",2023-11-12T06:00:00+00:00,2023-11-12T06:00:00+00:00
航空航天领域,Other,CN,1,1313,1443,1697,0,1313.0,1443.0,1697.0,4453.0,"[""4785081963253439|和平精英的微博视频(1,697 likes)""]",2022-06-27T13:18:25+00:00,2022-06-27T13:18:25+00:00
腾讯新闻,Brand,CN,2,420,483,1673,0,210.0,241.5,836.5,1288.0,"[""4852341805942980|和平精英的微博视频(1,079 likes)"", ""4766154200978198|#和平精英玩家太强了#(594 likes)""]",2022-05-06T07:46:15+00:00,2022-12-30T03:45:00+00:00
龚琳娜,Artist,CN,4,416,592,1660,0,104.0,148.0,415.0,667.0,"[""4858853475486838|龚琳娜(767 likes)"", ""4858998552009088|#大吉大利和平年#(362 likes)"", ""4859321541725327|#和平精英新春会#(324 likes)""]",2023-01-17T03:00:04+00:00,2023-01-20T11:30:00+00:00
"甘肃省文化和旅游厅, 敦煌文旅集团",Other,CN,1,461,434,1642,0,461.0,434.0,1642.0,2537.0,"[""5251319518462266|和平精英的微博视频(1,642 likes)""]",2026-01-04T03:00:00+00:00,2026-01-04T03:00:00+00:00
斗鱼冒险之旅》今日启程,Other,CN,1,232,322,1591,0,232.0,322.0,1591.0,2145.0,"[""5235087559625084|#和平精英斗鱼冒险之旅#(1,591 likes)""]",2025-11-20T08:00:00+00:00,2025-11-20T08:00:00+00:00
"中国文物保护基金会, 北京市文物局, 腾讯公益",Other,CN,2,308,305,1572,0,154.0,152.5,786.0,1092.5,"[""4980343994059007|和平精英的微博视频(1,076 likes)"", ""4980333823135030|#和平精英#(496 likes)""]",2023-12-18T08:19:36+00:00,2023-12-18T09:00:01+00:00
Balenciaga,Brand,CN,2,123,265,1567,0,61.5,132.5,783.5,977.5,"[""4804857682202975|和平精英的微博视频(1,047 likes)"", ""4803468315858824|#巴黎世家定制PEL冠军队服#(520 likes)""]",2022-08-17T06:59:13+00:00,2022-08-21T03:00:04+00:00
锦鲤,IP,CN,1,412,427,1555,0,412.0,427.0,1555.0,2394.0,"[""5246668871832598|#和平精英新皮肤#(1,555 likes)""]",2025-12-22T07:00:00+00:00,2025-12-22T07:00:00+00:00
我可以47,Other,CN,4,659,863,1538,0,164.75,215.75,384.5,765.0,"[""4970891710302690|和平精英的微博视频(567 likes)"", ""4963334412568840|和平精英的微博视频(445 likes)"", ""4959250034197946|#强者集结合力进圈#(329 likes)""]",2023-10-21T04:00:09+00:00,2023-11-22T07:00:01+00:00
中国航天神舟传媒,Other,CN,3,427,432,1510,0,142.33,144.0,503.33,789.67,"[""4816106801860488|微博广告(891 likes)"", ""4785080508353591|#和平发布会全程高能#(418 likes)"", ""4815842595045843|#和平航天玩法#(201 likes)""]",2022-06-27T13:12:38+00:00,2022-09-21T04:00:03+00:00
法拉利,Brand,CN,3,560,306,1447,0,186.67,102.0,482.33,771.0,"[""5266275568714846|和平精英的微博视频(736 likes)"", ""5265905631105716|和平精英的微博视频(662 likes)"", ""5265558339325400|#和平精英新皮肤#(49 likes)""]",2026-02-12T10:00:00+00:00,2026-02-14T09:30:01+00:00
野兽派,Brand,CN,1,474,974,1423,0,474.0,974.0,1423.0,2871.0,"[""5192703278581967|抽奖详情(1,423 likes)""]",2025-07-26T09:00:00+00:00,2025-07-26T09:00:00+00:00
路特斯汽车,Brand,CN,2,129,362,1422,0,64.5,181.0,711.0,956.5,"[""4784944498609712|#和平精英路特斯#(920 likes)"", ""4787929979294064|#和平精英玩风了#(502 likes)""]",2022-06-27T04:12:11+00:00,2022-07-05T09:55:25+00:00
广州塔,Brand,CN,2,395,518,1390,0,197.5,259.0,695.0,1151.5,"[""4851590650926625|抽奖详情(1,215 likes)"", ""4849928058182389|和平精英的微博视频(175 likes)""]",2022-12-23T11:53:39+00:00,2022-12-28T02:00:12+00:00
零度极限,Movie,CN,1,425,257,1388,0,425.0,257.0,1388.0,2070.0,"[""4750945201687703|和平精英的微博视频(1,388 likes)""]",2022-03-25T08:31:07+00:00,2022-03-25T08:31:07+00:00
百炼成神,Other,CN,2,467,766,1376,0,233.5,383.0,688.0,1304.5,"[""5178857248000981|#和平精英百炼成神联动#(708 likes)"", ""5179219438210507|和平精英的微博视频(668 likes)""]",2025-06-18T04:00:49+00:00,2025-06-19T04:00:02+00:00
半天妖烤鱼,Brand,CN,1,372,550,1279,0,372.0,550.0,1279.0,2201.0,"[""5181846745778412|和平精英的微博视频(1,279 likes)""]",2025-06-26T10:00:01+00:00,2025-06-26T10:00:01+00:00
杭州亚运会,Other,CN,2,222,388,1278,0,111.0,194.0,639.0,944.0,"[""4875906067206741|#杭州亚运会倒计时200天#(798 likes)"", ""4876675332703142|#杭州亚运会倒计时200天#(480 likes)""]",2023-03-05T04:20:59+00:00,2023-03-07T07:17:46+00:00
小团团,Artist,CN,2,126,440,1261,0,63.0,220.0,630.5,913.5,"[""4816861780251051|#和平精英#(774 likes)"", ""4811803441238490|小团团正式入驻和平精英！“团”在营地，送好礼！ 9月9日-9月20日来《和平营地》关注小团团，并参与(487 likes)""]",2022-09-09T07:00:02+00:00,2022-09-23T06:00:04+00:00
EDC China,Brand,CN,3,351,373,1259,0,117.0,124.33,419.67,661.0,"[""4929564398846327|特种兵们，集合开蹦！ 和平精英携手EDC China @ElectricDaisyCarnival (572 likes)"", ""4931013941923636|你有一个「派对邀请」待接收！ 8月5日-6日晚8点-9点，和平精英×EDC China 「空投节ED(344 likes)"", ""4930258966682510|和平精英的微博视频(343 likes)""]",2023-07-31T06:00:01+00:00,2023-08-04T06:00:00+00:00
萌趣趣,IP,CN,2,506,533,1258,0,253.0,266.5,629.0,1148.5,"[""4868743635665725|抽奖详情(741 likes)"", ""4869015429977081|抽奖详情(517 likes)""]",2023-02-13T10:00:01+00:00,2023-02-14T04:00:03+00:00
"古子成, 解鑫豪",Artist,CN,1,93,107,1258,0,93.0,107.0,1258.0,1458.0,"[""5267717566235884|#想去你的2026#(1,258 likes)""]",2026-02-18T09:00:00+00:00,2026-02-18T09:00:00+00:00
杨迪,Artist,CN,2,196,234,1219,0,98.0,117.0,609.5,824.5,"[""4981461351926039|#和平精英新版本龙跃长城#正式上线！ @杨迪 出任新版本发起人，定向邀请15位人气主播，组建“保护长(737 likes)"", ""4981763340501677|#和平精英#(482 likes)""]",2023-12-21T11:00:00+00:00,2023-12-22T07:00:00+00:00
潮流品牌,Brand,CN,1,118,156,1153,0,118.0,156.0,1153.0,1427.0,"[""4796930443972970|和平精英的微博视频(1,153 likes)""]",2022-07-30T06:00:03+00:00,2022-07-30T06:00:03+00:00
AG战队,Other,CN,1,383,437,1151,0,383.0,437.0,1151.0,1971.0,"[""5244086857499351|#和平精英红色流星#(1,151 likes)""]",2025-12-15T04:00:00+00:00,2025-12-15T04:00:00+00:00
魏哲鸣,Artist,CN,2,304,408,1150,0,152.0,204.0,575.0,931.0,"[""4967237630823095|和平精英的微博视频(657 likes)"", ""4967989408172218|和平精英的微博视频(493 likes)""]",2023-11-12T05:00:01+00:00,2023-11-14T06:47:18+00:00
元气森林,Brand,CN,1,369,398,1144,0,369.0,398.0,1144.0,1911.0,"[""5183922927567252|和平精英的微博视频(1,144 likes)""]",2025-07-02T03:30:01+00:00,2025-07-02T03:30:01+00:00
流浪地球2,Movie,CN,1,104,72,1142,0,104.0,72.0,1142.0,1318.0,"[""5097310277600591|“我相信，我们的人，一定能完成任务，不论虚实，不计存亡” ！精英，请出列！一起去和平精英点燃行星发动(1,142 likes)""]",2024-11-05T03:22:16+00:00,2024-11-05T03:22:16+00:00
中国乒乓之绝地反击,Movie,CN,2,710,550,1134,0,355.0,275.0,567.0,1197.0,"[""4860001023164538|抽奖详情(736 likes)"", ""4858581679605273|和平精英的微博视频(398 likes)""]",2023-01-16T09:00:03+00:00,2023-01-20T07:00:00+00:00
神秘海域,Movie,CN,1,634,452,1123,0,634.0,452.0,1123.0,2209.0,"[""4750937454809499|和平精英的微博视频(1,123 likes)""]",2022-03-25T08:00:20+00:00,2022-03-25T08:00:20+00:00
小黄鸡,IP,CN,1,329,419,1116,0,329.0,419.0,1116.0,1864.0,"[""5251062828894951|和平精英的微博视频(1,116 likes)""]",2026-01-03T10:00:01+00:00,2026-01-03T10:00:01+00:00
"白荆回廊, 爆裂小队Squad-Busters, 白夜极光, 冲呀饼干人王国, 穿越火线, 创造吧我们的星球, 地下城与勇士手游, 地下城与勇士",Game,CN,1,30,321,1085,0,30.0,321.0,1085.0,1436.0,"[""5085013685831389|#鹅助假期实录#(1,085 likes)""]",2024-10-02T05:00:00+00:00,2024-10-02T05:00:00+00:00
圣斗士星矢,Anime,CN,3,741,963,1070,0,247.0,321.0,356.67,924.67,"[""5150953189414474|【超话】和平精英(381 likes)"", ""5150957000198817|和平精英的微博视频(351 likes)"", ""5151343247098676|#和平精英新皮肤#(338 likes)""]",2025-04-02T04:00:03+00:00,2025-04-03T05:50:00+00:00
潘家园,Other,CN,1,307,324,1049,0,307.0,324.0,1049.0,1680.0,"[""5253539141779851|#和平精英古墓迷途#(1,049 likes)""]",2026-01-10T06:00:00+00:00,2026-01-10T06:00:00+00:00
品客大叔Pringles,Brand,CN,1,195,407,1049,0,195.0,407.0,1049.0,1651.0,"[""4894730352070013|和平精英的微博视频(1,049 likes)""]",2023-04-26T03:01:58+00:00,2023-04-26T03:01:58+00:00
赏宝特种兵@听泉赏宝,Other,CN,1,304,313,1030,0,304.0,313.0,1030.0,1647.0,"[""5253323193581926|和平精英的微博视频(1,030 likes)""]",2026-01-09T15:41:53+00:00,2026-01-09T15:41:53+00:00
山城小栗旬的理发日记,Artist,CN,1,13,429,979,0,13.0,429.0,979.0,1421.0,"[""4802071872406424|和平精英的微博视频(979 likes)""]",2022-08-13T10:30:15+00:00,2022-08-13T10:30:15+00:00
杨丽萍舞团,Artist,CN,1,213,240,967,0,213.0,240.0,967.0,1420.0,"[""5160820696154685|#和平精英辉羽雀灵#(967 likes)""]",2025-04-29T09:30:00+00:00,2025-04-29T09:30:00+00:00
盒马,Brand,CN,2,258,305,964,0,129.0,152.5,482.0,763.5,"[""4773732625421016|#和平精英#(483 likes)"", ""4857499256358584|大吉大利，来盒马吃第一局鸡！ 和平精英携手新零售品牌盒马推出三款鸡肉主题美食联名产品——香酥烤鸡、春(481 likes)""]",2022-05-27T05:40:12+00:00,2023-01-13T09:18:53+00:00
银碳Gintan,Artist,CN,3,458,472,942,0,152.67,157.33,314.0,624.0,"[""4930719502045147|抽奖详情(384 likes)"", ""4930983742150067|#和平精英#(367 likes)"", ""4930727054936974|和平精英的微博视频(191 likes)""]",2023-08-03T10:30:00+00:00,2023-08-04T04:00:00+00:00
QQ音乐,Brand,CN,2,421,455,905,0,210.5,227.5,452.5,890.5,"[""5183306066562091|和平精英的微博视频(458 likes)"", ""5183286843804726|#三亚被和平粉色沙滩暴击#(447 likes)""]",2025-06-30T09:22:27+00:00,2025-06-30T10:38:50+00:00
AD头盔,Brand,CN,1,582,625,897,0,582.0,625.0,897.0,2104.0,"[""4784581599297804|微博抽奖公示(897 likes)""]",2022-06-26T04:10:08+00:00,2022-06-26T04:10:08+00:00
"中国青年报, 中国青年网",Other,CN,2,232,311,871,0,116.0,155.5,435.5,707.0,"[""4765372588758392|和平精英的微博视频(461 likes)"", ""4765387557705607|#敬青年敬精英#(410 likes)""]",2022-05-04T04:00:24+00:00,2022-05-04T04:59:53+00:00
索尼,Brand,CN,1,2025,639,865,0,2025.0,639.0,865.0,3529.0,"[""4816075646042707|抽奖详情(865 likes)""]",2022-09-21T01:56:14+00:00,2022-09-21T01:56:14+00:00
刺猬索尼克,IP,CN,2,458,360,849,0,229.0,180.0,424.5,833.5,"[""4923101806070688|抽奖详情(489 likes)"", ""4923109360795950|和平精英的微博视频(360 likes)""]",2023-07-13T10:00:00+00:00,2023-07-13T10:30:00+00:00
一条,Other,CN,2,193,251,847,0,96.5,125.5,423.5,645.5,"[""4850571397565672|和平精英的微博视频(471 likes)"", ""4850888478556968|和平精英的微博视频(376 likes)""]",2022-12-25T06:30:03+00:00,2022-12-26T03:30:00+00:00
一条小团团,Artist,CN,2,207,291,835,0,103.5,145.5,417.5,666.5,"[""4812211124699191|#和平精英#(504 likes)"", ""4940413377448696|#团团高校环游记#(331 likes)""]",2022-09-10T10:00:00+00:00,2023-08-30T04:30:00+00:00
"呼兰, 何广智, 徐志胜, 也就是鸟鸟, 小北指南, 小块, 郭展豪",Artist,CN,1,198,351,818,0,198.0,351.0,818.0,1367.0,"[""4859230442753813|#和平脱口秀语音包#(818 likes)""]",2023-01-18T03:58:00+00:00,2023-01-18T03:58:00+00:00
汉口二厂,Brand,CN,1,68,269,758,0,68.0,269.0,758.0,1095.0,"[""4895606268502754|#和平精英在武汉造了架飞机#(758 likes)""]",2023-04-28T13:02:33+00:00,2023-04-28T13:02:33+00:00
未知艺人,Artist,CN,1,11,237,756,0,11.0,237.0,756.0,1004.0,"[""4811478807611105|#和平精英#讨论中(756 likes)""]",2022-09-08T09:30:03+00:00,2022-09-08T09:30:03+00:00
ROG,Brand,CN,1,889,612,752,0,889.0,612.0,752.0,2253.0,"[""4785758378918552|7月5日 20:00ROG6新品发布会(752 likes)""]",2022-06-29T10:06:14+00:00,2022-06-29T10:06:14+00:00
潍坊文旅,Other,CN,1,743,452,733,0,743.0,452.0,733.0,1928.0,"[""5152883117918905|抽奖详情(733 likes)""]",2025-04-07T11:48:54+00:00,2025-04-07T11:48:54+00:00
长草颜团子,IP,CN,1,106,163,730,0,106.0,163.0,730.0,999.0,"[""4766520050191494|#抵达和平吉市#(730 likes)""]",2022-05-07T08:00:00+00:00,2022-05-07T08:00:00+00:00
古典玩偶Classical Puppets,Brand,CN,2,438,489,722,0,219.0,244.5,361.0,824.5,"[""5174493288600474|#和平精英古典玩偶#(366 likes)"", ""5174497067140039|和平精英的微博视频(356 likes)""]",2025-06-06T03:00:00+00:00,2025-06-06T03:15:01+00:00
999感冒灵,Brand,CN,1,225,263,718,0,225.0,263.0,718.0,1206.0,"[""4970121426110369|和平精英的微博视频(718 likes)""]",2023-11-20T03:59:11+00:00,2023-11-20T03:59:11+00:00
洛天依,IP,CN,2,980,406,711,0,490.0,203.0,355.5,1048.5,"[""4891936455131686|微博抽奖公示(465 likes)"", ""4960427755703550|微博抽奖公示(246 likes)""]",2023-04-18T10:00:01+00:00,2023-10-24T10:00:00+00:00
冰工厂,Brand,CN,1,130,140,708,0,130.0,140.0,708.0,978.0,"[""4898051817475382|和平精英的微博视频(708 likes)""]",2023-05-05T07:00:17+00:00,2023-05-05T07:00:17+00:00
"华中科技大学, 上海大学, 中国传媒大学, 中国美术学院",Other,CN,2,192,236,704,0,96.0,118.0,352.0,566.0,"[""4884240762933809|#和平精英绿洲世界#(374 likes)"", ""4885322875539026|和平精英的微博视频(330 likes)""]",2023-03-28T04:20:05+00:00,2023-03-31T04:00:01+00:00
Keep,Brand,CN,1,95,204,702,0,95.0,204.0,702.0,1001.0,"[""4791448480778734|抽奖详情(702 likes)""]",2022-07-15T02:56:41+00:00,2022-07-15T02:56:41+00:00
欢乐斗地主,Game,CN,2,229,257,699,0,114.5,128.5,349.5,592.5,"[""4961175180677469|和平精英的微博视频(354 likes)"", ""4961144981688253|和平精英的微博视频(345 likes)""]",2023-10-26T09:30:00+00:00,2023-10-26T11:30:00+00:00
克克莉丝,IP,CN,3,469,456,696,0,156.33,152.0,232.0,540.33,"[""5215065630050526|#和平精英#(254 likes)"", ""5215473316135530|#和平精英克克莉丝联名#(234 likes)"", ""5214386152544025|#和平精英克克莉丝联名#(208 likes)""]",2025-09-24T05:00:00+00:00,2025-09-27T05:00:00+00:00
李玟,Artist,CN,1,106,273,688,0,106.0,273.0,688.0,1067.0,"[""4804585882913120|和平精英的微博视频(688 likes)""]",2022-08-20T09:00:01+00:00,2022-08-20T09:00:01+00:00
中国传媒大学动画与数字艺术学院,Other,CN,2,241,335,687,0,120.5,167.5,343.5,631.5,"[""4784934034868808|#我们在和平毕业了#(495 likes)"", ""4785294899418012|和平精英的微博视频(192 likes)""]",2022-06-27T03:30:36+00:00,2022-06-28T03:24:33+00:00
VirtuaReal,Artist,CN,2,663,460,686,0,331.5,230.0,343.0,904.5,"[""4964051635408165|#和平精英#(343 likes)"", ""4958615816375947|微博抽奖公示(343 likes)""]",2023-10-19T10:00:00+00:00,2023-11-03T10:00:00+00:00
酷狗音乐,Brand,CN,2,217,128,674,0,108.5,64.0,337.0,509.5,"[""4933595964114459|田一名(339 likes)"", ""4928416828888048|#和平精英空投节#(335 likes)""]",2023-07-28T02:00:00+00:00,2023-08-11T09:00:02+00:00
捕风追影,Movie,CN,2,308,450,666,0,154.0,225.0,333.0,712.0,"[""5205311359287982|和平精英的微博视频(375 likes)"", ""5205054663694991|和平精英的微博视频(291 likes)""]",2025-08-29T11:00:00+00:00,2025-08-30T04:00:01+00:00
小牛电动,Brand,CN,1,123,188,654,0,123.0,188.0,654.0,965.0,"[""5168672483838907|@小牛电动 你怎么背着我上真赛道了！看来绿洲地图容不下你了，果然是最强两轮载具！#小牛电动官宣上赛圈(654 likes)""]",2025-05-21T01:30:12+00:00,2025-05-21T01:30:12+00:00
爱奇艺,Brand,CN,2,218,284,652,0,109.0,142.0,326.0,577.0,"[""4799436964495451|#和平精英夏日空投派对#(461 likes)"", ""4774794812457811|#和平精英#(191 likes)""]",2022-05-30T04:00:57+00:00,2022-08-06T04:00:03+00:00
绝望主夫,Movie,CN,1,245,128,650,0,245.0,128.0,650.0,1023.0,"[""4852738163487765|和平精英的微博视频(650 likes)""]",2022-12-31T06:00:00+00:00,2022-12-31T06:00:00+00:00
桃源深处有人家,Other,CN,1,246,362,641,0,246.0,362.0,641.0,1249.0,"[""5185470629676557|和平精英的微博视频(641 likes)""]",2025-07-06T10:00:02+00:00,2025-07-06T10:00:02+00:00
"一加手机, 东鹏特饮",Brand,CN,1,239,136,634,0,239.0,136.0,634.0,1009.0,"[""5260047023081790|#大吉大利和平年#(634 likes)""]",2026-01-28T05:00:00+00:00,2026-01-28T05:00:00+00:00
IM-BODY,Brand,CN,1,348,262,632,0,348.0,262.0,632.0,1242.0,"[""4936789111870102|微博抽奖公示(632 likes)""]",2023-08-20T04:28:28+00:00,2023-08-20T04:28:28+00:00
北京欢乐谷,Brand,CN,1,106,110,626,0,106.0,110.0,626.0,842.0,"[""5257147920161471|#和平精英#(626 likes)""]",2026-01-20T05:00:00+00:00,2026-01-20T05:00:00+00:00
小鹦鹉BEBE,Brand,CN,3,616,381,618,0,205.33,127.0,206.0,538.33,"[""4941517485507276|抽奖详情(393 likes)"", ""4940858854737434|抽奖详情(132 likes)"", ""4940866361235174|和平精英的微博视频(93 likes)""]",2023-08-31T10:00:10+00:00,2023-09-02T05:37:20+00:00
广州国际灯光节,Other,CN,1,18,112,612,0,18.0,112.0,612.0,742.0,"[""4851398900454022|和平精英的微博视频(612 likes)""]",2022-12-27T13:18:15+00:00,2022-12-27T13:18:15+00:00
罗森便利店,Brand,CN,1,262,446,602,0,262.0,446.0,602.0,1310.0,"[""4847347651064440|微博抽奖公示(602 likes)""]",2022-12-16T09:00:02+00:00,2022-12-16T09:00:02+00:00
Dragon Ball,Anime,CN,2,431,304,601,0,215.5,152.0,300.5,668.0,"[""4948031071061689|和平精英的微博视频(339 likes)"", ""4948023521313857|微博抽奖公示(262 likes)""]",2023-09-20T04:30:00+00:00,2023-09-20T05:00:00+00:00
不眠日,Movie,CN,1,170,230,589,0,170.0,230.0,589.0,989.0,"[""5211819241111565|和平精英的微博视频(589 likes)""]",2025-09-17T03:00:00+00:00,2025-09-17T03:00:00+00:00
"罗技, 英伟达, OMEN暗影精灵, HyperX极度未知, 联想拯救者, 红魔, WD_BLACK, 安德斯特, 京东电竞",Brand,CN,1,614,430,586,0,614.0,430.0,586.0,1630.0,"[""5181023966987388|抽奖详情(586 likes)""]",2025-06-24T03:30:35+00:00,2025-06-24T03:30:35+00:00
WeGame,Brand,CN,1,217,252,583,0,217.0,252.0,583.0,1052.0,"[""5178271953586446|#WeGame3.0#(583 likes)""]",2025-06-16T13:15:04+00:00,2025-06-16T13:15:04+00:00
杨丽萍团队,Artist,CN,1,209,229,575,0,209.0,229.0,575.0,1013.0,"[""5161145333975898|#和平精英辉羽雀灵#(575 likes)""]",2025-04-30T07:00:00+00:00,2025-04-30T07:00:00+00:00
bilibili,Brand,CN,1,105,254,574,0,105.0,254.0,574.0,933.0,"[""4750988240490294|和平精英(574 likes)""]",2022-03-25T11:22:08+00:00,2022-03-25T11:22:08+00:00
超霸世家,Brand,CN,1,214,258,573,0,214.0,258.0,573.0,1045.0,"[""5191872806653646|#和平精英#(573 likes)""]",2025-07-24T02:00:00+00:00,2025-07-24T02:00:00+00:00
F1,Brand,CN,1,120,247,572,0,120.0,247.0,572.0,939.0,"[""5026042609927175|#和平精英上赛新地图#(572 likes)""]",2024-04-22T11:30:00+00:00,2024-04-22T11:30:00+00:00
非人哉,Movie,CN,2,291,404,571,0,145.5,202.0,285.5,633.0,"[""5201325090673882|和平精英的微博视频(315 likes)"", ""5200932511417115|和平精英的微博视频(256 likes)""]",2025-08-18T02:00:02+00:00,2025-08-19T04:00:00+00:00
"不求人_水瓶座entp, 鲨鱼哟syy, 一休不是光头, 还在努力的王玉萌, 武子弈, 奈奈",Artist,CN,1,1,12,562,0,1.0,12.0,562.0,575.0,"[""5261511674302845|#想去你的2026#(562 likes)""]",2026-02-01T06:00:00+00:00,2026-02-01T06:00:00+00:00
361度,Brand,CN,1,126,136,560,0,126.0,136.0,560.0,822.0,"[""4940499468683736|和平精英的微博视频(560 likes)""]",2023-08-30T10:12:06+00:00,2023-08-30T10:12:06+00:00
微博游戏,Other,CN,1,8163,718,559,0,8163.0,718.0,559.0,9440.0,"[""5199875538421032|抽奖详情(559 likes)""]",2025-08-15T04:00:00+00:00,2025-08-15T04:00:00+00:00
猎金·游戏,Movie,CN,1,261,351,546,0,261.0,351.0,546.0,1158.0,"[""5161069840696276|和平精英的微博视频(546 likes)""]",2025-04-30T02:00:00+00:00,2025-04-30T02:00:00+00:00
好莱坞,Movie,CN,1,114,217,537,0,114.0,217.0,537.0,868.0,"[""4760034858766123|#和平精英维克托动画兄弟#(537 likes)""]",2022-04-19T10:30:10+00:00,2022-04-19T10:30:10+00:00
艾热,Artist,CN,1,137,139,535,0,137.0,139.0,535.0,811.0,"[""4905329701424898|和平精英的微博视频(535 likes)""]",2023-05-25T09:00:00+00:00,2023-05-25T09:00:00+00:00
云南文旅,Other,CN,2,324,486,510,0,162.0,243.0,255.0,660.0,"[""5153846012937682|#和平精英6周年6在一起#(263 likes)"", ""5156849533585301|和平精英的微博视频(247 likes)""]",2025-04-10T03:35:06+00:00,2025-04-18T10:30:01+00:00
"郭帆, 谭乔, Tim, 特效小哥",Artist,CN,1,123,232,501,0,123.0,232.0,501.0,856.0,"[""4785651117986430|和平精英的微博视频(501 likes)""]",2022-06-29T03:00:02+00:00,2022-06-29T03:00:02+00:00
腾讯公益,Other,CN,2,221,247,497,0,110.5,123.5,248.5,482.5,"[""4879162277366888|2023年植树节，我们和@腾讯公益 携手，共同发起【用小红花，助力种植黄河公益林】公益活动。 特种兵(372 likes)"", ""4940738016313929|#界外时尚#(125 likes)""]",2023-03-14T04:00:00+00:00,2023-08-31T02:00:00+00:00
北京国际电影节,Other,CN,1,53,174,493,0,53.0,174.0,493.0,720.0,"[""4803491170357775|#一起去追空投雨#(493 likes)""]",2022-08-17T08:30:02+00:00,2022-08-17T08:30:02+00:00
"腾讯视频, QQ看点, 爱奇艺, 小红书",Brand,CN,1,105,142,491,0,105.0,142.0,491.0,738.0,"[""4766822181638491|#和平精英3周年庆#(491 likes)""]",2022-05-08T04:00:34+00:00,2022-05-08T04:00:34+00:00
吉利,Brand,CN,1,141,129,489,0,141.0,129.0,489.0,759.0,"[""4859631081886857|#和平精英抢占先鸡吉利局#(489 likes)""]",2023-01-19T06:30:00+00:00,2023-01-19T06:30:00+00:00
B站虚拟主播,Other,CN,1,119,209,487,0,119.0,209.0,487.0,815.0,"[""4958623366646876|和平精英的微博视频(487 likes)""]",2023-10-19T10:30:00+00:00,2023-10-19T10:30:00+00:00
"罗森, 盒马",Brand,CN,1,104,181,486,0,104.0,181.0,486.0,771.0,"[""4857811596482773|值此小年之际，和平吉市热闹开张！快来吉市，吃好#新年第一局鸡#！ 和平吉市携手罗森、盒马两大吉友，为(486 likes)""]",2023-01-14T06:00:01+00:00,2023-01-14T06:00:01+00:00
Mashimaro流氓兔,IP,CN,1,140,441,484,0,140.0,441.0,484.0,1065.0,"[""4763545768034879|抽奖详情(484 likes)""]",2022-04-29T03:01:15+00:00,2022-04-29T03:01:15+00:00
吳京,Artist,CN,1,102,125,479,0,102.0,125.0,479.0,706.0,"[""4819002117066714|和平精英的微博视频(479 likes)""]",2022-09-29T03:45:00+00:00,2022-09-29T03:45:00+00:00
奥利弗动画,Anime,CN,1,101,149,478,0,101.0,149.0,478.0,728.0,"[""4832761544966604|和平精英(478 likes)""]",2022-11-06T03:00:02+00:00,2022-11-06T03:00:02+00:00
重庆轨道交通,Brand,CN,1,114,126,475,0,114.0,126.0,475.0,715.0,"[""4894889525383732|#和平号冒险列车派对#(475 likes)""]",2023-04-26T13:34:28+00:00,2023-04-26T13:34:28+00:00
DC Comics,IP,CN,1,219,271,471,0,219.0,271.0,471.0,961.0,"[""5169812445332499|抽奖详情(471 likes)""]",2025-05-24T05:00:00+00:00,2025-05-24T05:00:00+00:00
异人之下,Movie,CN,1,124,139,462,0,124.0,139.0,462.0,725.0,"[""4945116873362980|#异人之下#(462 likes)""]",2023-09-12T04:00:01+00:00,2023-09-12T04:00:01+00:00
小鲁班,Brand,CN,1,230,349,462,0,230.0,349.0,462.0,1041.0,"[""5162957273826180|抽奖详情(462 likes)""]",2025-05-05T07:00:00+00:00,2025-05-05T07:00:00+00:00
遇意,Other,CN,1,165,248,458,0,165.0,248.0,458.0,871.0,"[""5179676190053144|抽奖详情(458 likes)""]",2025-06-20T10:15:00+00:00,2025-06-20T10:15:00+00:00
"一加, 别克, TT语音, 京东, 欧莱雅美发, 路特斯",Brand,CN,1,103,125,457,0,103.0,125.0,457.0,685.0,"[""4851696302560576|#2022和平年度精英名单#(457 likes)""]",2022-12-28T09:00:00+00:00,2022-12-28T09:00:00+00:00
叮咚买菜,Brand,CN,1,113,206,450,0,113.0,206.0,450.0,769.0,"[""4925261034818881|抽奖详情(450 likes)""]",2023-07-19T09:00:00+00:00,2023-07-19T09:00:00+00:00
电影哥你好,Movie,CN,1,279,298,444,0,279.0,298.0,444.0,1021.0,"[""4814294858596682|和平精英的微博视频(444 likes)""]",2022-09-16T04:00:01+00:00,2022-09-16T04:00:01+00:00
不齐舞团,Artist,CN,1,9,119,434,0,9.0,119.0,434.0,562.0,"[""5187206979257910|不齐舞团的微博视频(434 likes)""]",2025-07-11T04:59:40+00:00,2025-07-11T04:59:40+00:00
清河坊历史文化特色街区,Other,CN,1,107,115,431,0,107.0,115.0,431.0,653.0,"[""4950558702047025|和平精英的微博视频(431 likes)""]",2023-09-27T04:23:54+00:00,2023-09-27T04:23:54+00:00
封神男团,Other,CN,1,165,160,430,0,165.0,160.0,430.0,755.0,"[""4933134263788153|和平精英的微博视频(430 likes)""]",2023-08-10T02:25:24+00:00,2023-08-10T02:25:24+00:00
"郭帆, 谭乔, 影视飓风MediaStorm, 特效小哥",Artist,CN,1,216,122,428,0,216.0,122.0,428.0,766.0,"[""4786058808265723|和平精英的微博视频(428 likes)""]",2022-06-30T06:00:03+00:00,2022-06-30T06:00:03+00:00
Baseus倍思,Brand,CN,1,189,209,425,0,189.0,209.0,425.0,823.0,"[""4844705239798273|微博抽奖公示(425 likes)""]",2022-12-09T02:00:02+00:00,2022-12-09T02:00:02+00:00
边缘行者,Movie,CN,1,665,801,422,0,665.0,801.0,422.0,1888.0,"[""4758638121459067|和平精英的微博视频(422 likes)""]",2022-04-15T14:00:02+00:00,2022-04-15T14:00:02+00:00
前任4：英年早婚,Movie,CN,1,202,134,421,0,202.0,134.0,421.0,757.0,"[""4951028321223999|和平精英的微博视频(421 likes)""]",2023-09-28T11:30:00+00:00,2023-09-28T11:30:00+00:00
斗鱼线下直播活动《和平精英x斗鱼冒险之旅》即将开启,Other,CN,1,303,216,418,0,303.0,216.0,418.0,937.0,"[""5234649674023407|#和平精英斗鱼冒险之旅#(418 likes)""]",2025-11-19T03:00:00+00:00,2025-11-19T03:00:00+00:00
欢乐谷集团,Brand,CN,1,3,7,415,0,3.0,7.0,415.0,425.0,"[""5256408044933690|#和平精英欢乐谷联动#(415 likes)""]",2026-01-18T04:00:00+00:00,2026-01-18T04:00:00+00:00
爱罗,Anime,CN,1,105,181,413,0,105.0,181.0,413.0,699.0,"[""4852345575320232|和平精英的微博视频(413 likes)""]",2022-12-30T04:00:00+00:00,2022-12-30T04:00:00+00:00
熊本熊,IP,CN,1,111,146,413,0,111.0,146.0,413.0,670.0,"[""4918301426452612|#和平精英#(413 likes)""]",2023-06-30T04:05:00+00:00,2023-06-30T04:05:00+00:00
全民K歌,Brand,CN,1,104,159,411,0,104.0,159.0,411.0,674.0,"[""4803091038212011|#我为PEL夏决应援#(411 likes)""]",2022-08-16T06:00:03+00:00,2022-08-16T06:00:03+00:00
MAGPIE喜鹊派,Brand,CN,2,124,180,409,0,62.0,90.0,204.5,356.5,"[""4860325877254689|#大吉大利和平年#(344 likes)"", ""4860408719218281|和平精英的微博视频(65 likes)""]",2023-01-21T04:30:52+00:00,2023-01-21T10:00:03+00:00
万达电影,Brand,CN,1,110,111,408,0,110.0,111.0,408.0,629.0,"[""4950915074754017|和平精英的微博视频(408 likes)""]",2023-09-28T04:00:00+00:00,2023-09-28T04:00:00+00:00
GT赛车：极速狂飙,Movie,CN,1,105,188,405,0,105.0,188.0,405.0,698.0,"[""4940753115023561|和平精英的微博视频(405 likes)""]",2023-08-31T03:00:00+00:00,2023-08-31T03:00:00+00:00
中国BOY-Hans,Artist,CN,1,101,122,400,0,101.0,122.0,400.0,623.0,"[""4811833649662300|#伞兵中国boy探访退役警犬#(400 likes)""]",2022-09-09T09:00:04+00:00,2022-09-09T09:00:04+00:00
大展鸿图,IP,CN,1,113,252,399,0,113.0,252.0,399.0,764.0,"[""5187222160807322|和平精英的微博视频(399 likes)""]",2025-07-11T06:00:00+00:00,2025-07-11T06:00:00+00:00
闪鱼,Brand,CN,1,230,197,398,0,230.0,197.0,398.0,825.0,"[""4935407895055118|抽奖详情(398 likes)""]",2023-08-16T09:00:00+00:00,2023-08-16T09:00:00+00:00
柠季,Brand,CN,1,97,140,396,0,97.0,140.0,396.0,633.0,"[""4811818549379370|#和平精英#(396 likes)""]",2022-09-09T08:00:03+00:00,2022-09-09T08:00:03+00:00
"CORSAK胡梦周, JADE",Artist,CN,1,118,126,395,0,118.0,126.0,395.0,639.0,"[""4953119601199686|#和平项目夺得金牌#(395 likes)""]",2023-10-04T06:00:00+00:00,2023-10-04T06:00:00+00:00
"郭帆, 谭乔",Artist,CN,1,97,259,391,0,97.0,259.0,391.0,747.0,"[""4785425124689058|#和平新版本的脑洞有点大#(391 likes)""]",2022-06-28T12:02:01+00:00,2022-06-28T12:02:01+00:00
刘谦,Artist,CN,1,109,133,389,0,109.0,133.0,389.0,631.0,"[""4860771094502631|和平精英的微博视频(389 likes)""]",2023-01-22T10:00:00+00:00,2023-01-22T10:00:00+00:00
"蔡国庆, 陈赫, 程潇, 林允, 孙艺洲, 希林娜依·高, 许佳琪, 朱正廷",Artist,CN,1,115,141,386,0,115.0,141.0,386.0,642.0,"[""4983514888670234|和平精英的微博视频(386 likes)""]",2023-12-27T03:00:01+00:00,2023-12-27T03:00:01+00:00
古天乐,Artist,CN,1,195,204,386,0,195.0,204.0,386.0,785.0,"[""4923124456624098|和平精英的微博视频(386 likes)""]",2023-07-13T11:30:00+00:00,2023-07-13T11:30:00+00:00
B站会员购,Brand,CN,1,108,158,386,0,108.0,158.0,386.0,652.0,"[""4922739422658585|#和平精英#(386 likes)""]",2023-07-12T10:00:00+00:00,2023-07-12T10:00:00+00:00
西出玉门,Movie,CN,1,128,115,379,0,128.0,115.0,379.0,622.0,"[""4951035874904213|和平精英的微博视频(379 likes)""]",2023-09-28T12:00:01+00:00,2023-09-28T12:00:01+00:00
"五只猫娱乐Mall, 天工异彩",Brand,CN,1,140,144,379,0,140.0,144.0,379.0,663.0,"[""4932176602467058|和平精英的微博视频(379 likes)""]",2023-08-07T11:00:00+00:00,2023-08-07T11:00:00+00:00
环太平洋：雷霆再起,Movie,CN,1,69,127,377,0,69.0,127.0,377.0,573.0,"[""4846532287007659|和平精英的微博视频(377 likes)""]",2022-12-14T03:00:04+00:00,2022-12-14T03:00:04+00:00
植说巴拉,Brand,CN,1,102,112,377,0,102.0,112.0,377.0,591.0,"[""5197671012241591|#和平精英#(377 likes)""]",2025-08-09T02:00:00+00:00,2025-08-09T02:00:00+00:00
Evangelion,Anime,CN,1,123,160,377,0,123.0,160.0,377.0,660.0,"[""4965410594622793|#斗鱼和平小店#(377 likes)""]",2023-11-07T04:00:01+00:00,2023-11-07T04:00:01+00:00
罗小黑CAT,Anime,CN,1,114,176,376,0,114.0,176.0,376.0,666.0,"[""4903178023735033|和平精英 与@罗小黑CAT 联动再次来袭！今天正式上线啦~快来化身可爱猫猫，在游戏里开启你甜蜜又浪漫(376 likes)""]",2023-05-19T10:30:00+00:00,2023-05-19T10:30:00+00:00
开心麻花新春贺岁短剧《精英鸡动队之万事街大吉》于1月21日正式全平台欢乐开播,Other,CN,1,101,108,376,0,101.0,108.0,376.0,585.0,"[""4859291344048996|和平精英的微博视频(376 likes)""]",2023-01-18T08:00:00+00:00,2023-01-18T08:00:00+00:00
大师贴膜,Brand,CN,1,94,126,376,0,94.0,126.0,376.0,596.0,"[""4808896780699928|#和平精英#讨论中(376 likes)""]",2022-09-01T06:30:00+00:00,2022-09-01T06:30:00+00:00
"人民日报视界客户端, 腾讯成长守护",Other,CN,1,119,155,376,0,119.0,155.0,376.0,650.0,"[""4928809419150791|7月28日至8月10日，《和平精英》与人民日报视界客户端、腾讯成长守护共同举办“盛夏空投运动季”活动(376 likes)""]",2023-07-29T04:00:01+00:00,2023-07-29T04:00:01+00:00
JOYTOY暗源,Brand,CN,1,157,165,376,0,157.0,165.0,376.0,698.0,"[""4936087375974580|抽奖详情(376 likes)""]",2023-08-18T06:00:01+00:00,2023-08-18T06:00:01+00:00
万达影城,Brand,CN,1,112,126,375,0,112.0,126.0,375.0,613.0,"[""4952772208233972|#和平项目夺得金牌##中国队决赛不藏了##和平精英亚洲夺金加油派对# 恭喜中国电子竞技项目（和平精英(375 likes)""]",2023-10-03T06:59:35+00:00,2023-10-03T06:59:35+00:00
虎牙烤羊腿,Other,CN,1,104,140,373,0,104.0,140.0,373.0,617.0,"[""4788277510407931|#KONE77H直播首秀#(373 likes)""]",2022-07-06T08:56:23+00:00,2022-07-06T08:56:23+00:00
HECATE漫步者电竞,Brand,CN,1,143,233,372,0,143.0,233.0,372.0,748.0,"[""4845815052639175|抽奖详情(372 likes)""]",2022-12-12T03:30:02+00:00,2022-12-12T03:30:02+00:00
索尼克,Game,CN,1,105,140,371,0,105.0,140.0,371.0,616.0,"[""4923373596969918|和平精英的微博视频(371 likes)""]",2023-07-14T04:00:00+00:00,2023-07-14T04:00:00+00:00
99公益日,Other,CN,1,100,127,369,0,100.0,127.0,369.0,596.0,"[""4811810991247104|#和平精英#(369 likes)""]",2022-09-09T07:30:02+00:00,2022-09-09T07:30:02+00:00
小黄鸭,IP,CN,1,98,135,368,0,98.0,135.0,368.0,601.0,"[""4863217211546569|和平精英的微博视频(368 likes)""]",2023-01-29T04:00:00+00:00,2023-01-29T04:00:00+00:00
"呼兰, 何广智, 徐志胜, 也就是鸟鸟, 小北指南, 和平精英王小歪, 深圳STE顾居居",Artist,CN,1,109,133,366,0,109.0,133.0,366.0,608.0,"[""4858597375475752|#和平精英新春脱口秀#(366 likes)""]",2023-01-16T10:02:24+00:00,2023-01-16T10:02:24+00:00
优酷游戏,Brand,CN,1,100,122,365,0,100.0,122.0,365.0,587.0,"[""4789017248010072|️和平精英丨优酷游戏👖掀起夏日脑洞狂欢！ 即日起到7月30日，来优酷游戏看和平精英视频抽好礼！ 将游(365 likes)""]",2022-07-08T09:55:50+00:00,2022-07-08T09:55:50+00:00
腾讯搜狗输入法,Brand,CN,1,100,127,364,0,100.0,127.0,364.0,591.0,"[""4859353322760262|新年第一局，和平精英携光子鸡新春财神来给大家送大吉！ @和平精英 与 腾讯搜狗输入法 合作的@光子鸡(364 likes)""]",2023-01-18T12:06:17+00:00,2023-01-18T12:06:17+00:00
京东买药,Brand,CN,1,117,116,364,0,117.0,116.0,364.0,597.0,"[""4933520457470576|#和平精英空投节#(364 likes)""]",2023-08-11T04:00:00+00:00,2023-08-11T04:00:00+00:00
广州市文化广电旅游局,Other,CN,1,93,122,362,0,93.0,122.0,362.0,577.0,"[""4849808936799558|#2022年广州国际灯光节#(362 likes)""]",2022-12-23T04:00:17+00:00,2022-12-23T04:00:17+00:00
Twinflower,Brand,CN,1,67,128,360,0,67.0,128.0,360.0,555.0,"[""4839994197282481|#和平精英#(360 likes)""]",2022-11-26T02:00:02+00:00,2022-11-26T02:00:02+00:00
未知IP,IP,CN,1,208,248,359,0,208.0,248.0,359.0,815.0,"[""5160360161838958|#和平精英六周年#(359 likes)""]",2025-04-28T03:00:00+00:00,2025-04-28T03:00:00+00:00
TOPTOY,Brand,CN,1,699,154,357,0,699.0,154.0,357.0,1210.0,"[""4937199084637137|抽奖详情(357 likes)""]",2023-08-21T07:37:33+00:00,2023-08-21T07:37:33+00:00
QQ,Brand,CN,2,218,248,357,0,109.0,124.0,178.5,411.5,"[""5189366290325220|#QQ表情#(345 likes)"", ""5271628340794033|和平精英的微博视频(12 likes)""]",2025-07-17T04:00:00+00:00,2026-03-01T04:00:01+00:00
虎牙不求人,Artist,CN,1,98,126,355,0,98.0,126.0,355.0,579.0,"[""4814355260245449|#歪嘴龙王大战不求人#(355 likes)""]",2022-09-16T08:00:02+00:00,2022-09-16T08:00:02+00:00
腾讯公益慈善基金会,Other,CN,1,97,123,354,0,97.0,123.0,354.0,574.0,"[""4808859032488889|#和腾讯游戏一块做好事#(354 likes)""]",2022-09-01T04:00:00+00:00,2022-09-01T04:00:00+00:00
"小团团, 花老湿",Artist,CN,1,100,118,352,0,100.0,118.0,352.0,570.0,"[""4887867135889569|#当小团团导游真不容易#(352 likes)""]",2023-04-07T04:30:00+00:00,2023-04-07T04:30:00+00:00
EDC雏菊电音嘉年华,Brand,CN,1,110,115,352,0,110.0,115.0,352.0,577.0,"[""4950220498274447|#2023EDC苏州#(352 likes)""]",2023-09-26T06:00:00+00:00,2023-09-26T06:00:00+00:00
罗技G,Brand,CN,2,31,81,351,0,15.5,40.5,175.5,231.5,"[""5204556381950872|#和平精英#(314 likes)"", ""5181027594535347|#和平精英PC模拟器#(37 likes)""]",2025-06-24T03:45:00+00:00,2025-08-28T02:00:00+00:00
横店梦幻谷水世界,Brand,CN,1,97,105,351,0,97.0,105.0,351.0,553.0,"[""4912577459258071|和平精英的微博视频(351 likes)""]",2023-06-14T09:00:00+00:00,2023-06-14T09:00:00+00:00
未明确提及具体合作伙伴,IP,CN,1,107,131,351,0,107.0,131.0,351.0,589.0,"[""4961077033961347|#和平精英#(351 likes)""]",2023-10-26T05:00:00+00:00,2023-10-26T05:00:00+00:00
"小辣李嘉琦, 呆妹儿小霸王, 上海NV-paraboy, YoungG",Artist,CN,1,111,114,351,0,111.0,114.0,351.0,576.0,"[""4967227561872481|和平精英的微博视频(351 likes)""]",2023-11-12T04:20:00+00:00,2023-11-12T04:20:00+00:00
东南大学建筑设计研究院,Other,CN,1,89,120,350,0,89.0,120.0,350.0,559.0,"[""4848403739054265|#和平精英新春园林#(350 likes)""]",2022-12-19T06:56:33+00:00,2022-12-19T06:56:33+00:00
"中国传媒大学, 华中科技大学, 上海大学, 中国美术学院",Other,CN,1,97,120,349,0,97.0,120.0,349.0,566.0,"[""4884250807504896|和平精英的微博视频(349 likes)""]",2023-03-28T05:00:00+00:00,2023-03-28T05:00:00+00:00
海南省旅游和文化广电体育厅,Other,CN,1,110,109,348,0,110.0,109.0,348.0,567.0,"[""4924814265161859|#酷酷的海南启航酷世界#(348 likes)""]",2023-07-18T03:24:42+00:00,2023-07-18T03:24:42+00:00
界外时尚,Brand,CN,1,106,118,346,0,106.0,118.0,346.0,570.0,"[""4899146458206273|#界外时尚#(346 likes)""]",2023-05-08T07:30:00+00:00,2023-05-08T07:30:00+00:00
"北京市文物局, 北京中轴线申遗保护工作办公室, 腾讯SSV数字文化实验室",Other,CN,1,108,115,346,0,108.0,115.0,346.0,569.0,"[""4904271126464242|#和平把天坛搬进了游戏里#(346 likes)""]",2023-05-22T10:53:36+00:00,2023-05-22T10:53:36+00:00
德克士,Brand,CN,1,1,139,345,0,1.0,139.0,345.0,485.0,"[""4801694326330793|#和平精英空投节#讨论中(345 likes)""]",2022-08-12T09:30:01+00:00,2022-08-12T09:30:01+00:00
薛之谦,Artist,CN,1,103,111,343,0,103.0,111.0,343.0,557.0,"[""4986836776651166|和平精英的微博视频(343 likes)""]",2024-01-05T07:00:01+00:00,2024-01-05T07:00:01+00:00
SEASONS季节香薰,Brand,CN,1,120,116,343,0,120.0,116.0,343.0,579.0,"[""4933271321054931|#和平精英#(343 likes)""]",2023-08-10T11:30:01+00:00,2023-08-10T11:30:01+00:00
"谭乔, 二仙桥大爷",Artist,CN,1,96,117,342,0,96.0,117.0,342.0,555.0,"[""4862130077304942|和平精英的微博视频(342 likes)""]",2023-01-26T04:00:06+00:00,2023-01-26T04:00:06+00:00
六星SIX,Brand,CN,1,105,115,342,0,105.0,115.0,342.0,562.0,"[""4847257045713359|#来吉市交个朋友#(342 likes)""]",2022-12-16T03:00:00+00:00,2022-12-16T03:00:00+00:00
群星脱口秀,Artist,CN,1,124,24,341,0,124.0,24.0,341.0,489.0,"[""4859683942178648|和平精英的微博视频(341 likes)""]",2023-01-19T10:00:03+00:00,2023-01-19T10:00:03+00:00
"腾讯成长守护平台, 上海NOVA和平精英",Other,CN,1,114,120,340,0,114.0,120.0,340.0,574.0,"[""4941141584121797|和平精英的微博视频(340 likes)""]",2023-09-01T04:43:38+00:00,2023-09-01T04:43:38+00:00
广东音乐曲艺团,Other,CN,1,119,117,337,0,119.0,117.0,337.0,573.0,"[""4914322713347443|#和平精英乐响端午#(337 likes)""]",2023-06-19T04:35:01+00:00,2023-06-19T04:35:01+00:00
B站,Brand,CN,1,97,117,337,0,97.0,117.0,337.0,551.0,"[""4837215890578518|#你最想和谁组队#(337 likes)""]",2022-11-18T10:00:02+00:00,2022-11-18T10:00:02+00:00
成都市川剧院,Other,CN,1,98,105,336,0,98.0,105.0,336.0,539.0,"[""4884681142833156|和平精英的微博视频(336 likes)""]",2023-03-29T09:30:00+00:00,2023-03-29T09:30:00+00:00
大力招财,Brand,CN,1,92,118,336,0,92.0,118.0,336.0,546.0,"[""4845097831631384|#TOPTOY#(336 likes)""]",2022-12-10T04:00:03+00:00,2022-12-10T04:00:03+00:00
"谭乔, 韩童生",Artist,CN,1,102,110,335,0,102.0,110.0,335.0,547.0,"[""4899554144819209|和平精英的微博视频(335 likes)""]",2023-05-09T10:30:00+00:00,2023-05-09T10:30:00+00:00
星轶影城,Brand,CN,1,116,115,334,0,116.0,115.0,334.0,565.0,"[""5198773275594611|#和平精英星轶影城#(334 likes)""]",2025-08-12T03:00:00+00:00,2025-08-12T03:00:00+00:00
中国科学院高能所,Other,CN,1,112,114,333,0,112.0,114.0,333.0,559.0,"[""4938926078559883|和平精英的微博视频(333 likes)""]",2023-08-26T02:00:00+00:00,2023-08-26T02:00:00+00:00
上海天文馆,Other,CN,1,127,136,333,0,127.0,136.0,333.0,596.0,"[""4945486927630231|#和平新版本天文漫游#(333 likes)""]",2023-09-13T04:30:29+00:00,2023-09-13T04:30:29+00:00
封神第一部,Movie,CN,1,112,111,332,0,112.0,111.0,332.0,555.0,"[""4935355046041122|和平精英的微博视频(332 likes)""]",2023-08-16T05:30:00+00:00,2023-08-16T05:30:00+00:00
汕头市非遗,Other,CN,1,104,108,331,0,104.0,108.0,331.0,543.0,"[""4981740693096401|#2023和平精英全国大赛#(331 likes)""]",2023-12-22T05:30:00+00:00,2023-12-22T05:30:00+00:00
"商业品牌, 文旅IP","Brand, IP",CN,1,104,110,331,0,104.0,110.0,331.0,545.0,"[""4901773770758023|#2023腾讯游戏发布会#(331 likes)""]",2023-05-15T13:30:00+00:00,2023-05-15T13:30:00+00:00
C罗和内马尔,Artist,CN,1,89,111,330,0,89.0,111.0,330.0,530.0,"[""4839654505843601|和平精英的微博视频(330 likes)""]",2022-11-25T03:30:13+00:00,2022-11-25T03:30:13+00:00
人民电竞,Other,CN,1,106,108,328,0,106.0,108.0,328.0,542.0,"[""4985341926443746|和平精英的微博视频(328 likes)""]",2024-01-01T04:00:01+00:00,2024-01-01T04:00:01+00:00
布瑞吉,Artist,CN,1,95,109,327,0,95.0,109.0,327.0,531.0,"[""4850880949790028|布瑞吉Bridge(327 likes)""]",2022-12-26T03:00:06+00:00,2022-12-26T03:00:06+00:00
了不起舞社,Other,CN,1,115,117,326,0,115.0,117.0,326.0,558.0,"[""4908153306876435|#了不起舞社#(326 likes)""]",2023-06-02T04:00:00+00:00,2023-06-02T04:00:00+00:00
谢帝,Artist,CN,1,99,108,323,0,99.0,108.0,323.0,530.0,"[""4832102216369540|#和平主播赛#(323 likes)""]",2022-11-04T07:20:07+00:00,2022-11-04T07:20:07+00:00
中国邮政,Brand,CN,1,102,112,322,0,102.0,112.0,322.0,536.0,"[""4980351791533066|#和平精英大众赛#(322 likes)""]",2023-12-18T09:31:00+00:00,2023-12-18T09:31:00+00:00
弹壳Danko,Artist,CN,1,103,115,320,0,103.0,115.0,320.0,538.0,"[""4982178826686879|和平精英的微博视频(320 likes)""]",2023-12-23T10:30:59+00:00,2023-12-23T10:30:59+00:00
王小歪,Artist,CN,1,105,107,319,0,105.0,107.0,319.0,531.0,"[""4898006446379713|“集合！来我这嘎达！” 海岛酣战怎么能缺少语音包加持，快手千万人气主播王小歪与你相约海岛！ 5月6日(319 likes)""]",2023-05-05T04:00:00+00:00,2023-05-05T04:00:00+00:00
X玖少年团赵磊,Artist,CN,1,100,108,319,0,100.0,108.0,319.0,527.0,"[""4982873155439944|【2023和平精英年度颁奖盛典暨PEL全明星周末】12月26日 活动奖项预热长图 41个奖项得主即将(319 likes)""]",2023-12-25T08:30:00+00:00,2023-12-25T08:30:00+00:00
"斗鱼, 虎牙, 快手",Brand,CN,1,107,115,318,0,107.0,115.0,318.0,540.0,"[""4891845853709853|#和平小店#(318 likes)""]",2023-04-18T04:00:00+00:00,2023-04-18T04:00:00+00:00
"中国文物保护基金会, 北京文博, 腾讯公益",Other,CN,1,103,110,315,0,103.0,110.0,315.0,528.0,"[""4986791472140026|#和平精英#(315 likes)""]",2024-01-05T04:00:00+00:00,2024-01-05T04:00:00+00:00
海南文昌龙楼镇村镇赛》,Other,CN,1,102,108,314,0,102.0,108.0,314.0,524.0,"[""4972296025670133|#和平精英村镇赛#(314 likes)""]",2023-11-26T04:00:16+00:00,2023-11-26T04:00:16+00:00
洛阳邮政,Brand,CN,1,110,102,311,0,110.0,102.0,311.0,523.0,"[""4941130607888170|#2023和平精英全国大赛#(311 likes)""]",2023-09-01T04:00:01+00:00,2023-09-01T04:00:01+00:00
吃喝玩乐品牌,Brand,CN,1,90,107,310,0,90.0,107.0,310.0,507.0,"[""4839662004997718|#和平精英四排节# ”四排领优惠，打擂赢免单“ 和平人生携手吃喝玩乐品牌福利，带来四排节超级优惠！ (310 likes)""]",2022-11-25T04:00:01+00:00,2022-11-25T04:00:01+00:00
SIXSTAR六星,Brand,CN,1,204,208,300,0,204.0,208.0,300.0,712.0,"[""4831334633047801|微博抽奖公示(300 likes)""]",2022-11-02T04:30:00+00:00,2022-11-02T04:30:00+00:00
濮院时装周,Brand,CN,1,215,254,299,0,215.0,254.0,299.0,768.0,"[""5164346426788378|#和平精英x濮院时装周跨界合作#(299 likes)""]",2025-05-09T03:00:00+00:00,2025-05-09T03:00:00+00:00
狼群,Movie,CN,1,236,164,298,0,236.0,164.0,298.0,698.0,"[""4811033367807335|抽奖详情(298 likes)""]",2022-09-07T04:00:01+00:00,2022-09-07T04:00:01+00:00
敦煌,Other,CN,3,2,44,288,0,0.67,14.67,96.0,111.33,"[""5259752583990247|和平精英的微博视频(253 likes)"", ""5260107424204939|和平精英的微博视频(28 likes)"", ""5260099872099614|#和平精英把敦煌做进了海岛#(7 likes)""]",2026-01-27T09:30:00+00:00,2026-01-28T09:00:01+00:00
泠鸢,Artist,CN,2,258,136,285,0,129.0,68.0,142.5,339.5,"[""4907881519912783|抽奖详情(243 likes)"", ""4907889065724322|和平精英的微博视频(42 likes)""]",2023-06-01T10:00:01+00:00,2023-06-01T10:30:00+00:00
"虎牙, 快手, 斗鱼, B站",Brand,CN,1,3,163,270,0,3.0,163.0,270.0,436.0,"[""4756025908924208|#和平精英#(270 likes)""]",2022-04-08T09:00:02+00:00,2022-04-08T09:00:02+00:00
小丑×小丑女,IP,CN,1,217,250,265,0,217.0,250.0,265.0,732.0,"[""5168400764246180|小丑×小丑女权威搭档空降海岛，全新剧情篇章即将引爆——特种兵战场，好戏开场！💥(265 likes)""]",2025-05-20T07:30:29+00:00,2025-05-20T07:30:29+00:00
颜团子,IP,CN,1,6,156,258,0,6.0,156.0,258.0,420.0,"[""4756675359411790|鸡仔前来参战！这么可爱的特种兵颜团子联名周边一定不能错过哒~特种兵们快来原博【转+评】参与吧(258 likes)""]",2022-04-10T04:00:43+00:00,2022-04-10T04:00:43+00:00
爆水管,Movie,CN,1,58,59,251,0,58.0,59.0,251.0,368.0,"[""5258189789470646|和平精英的微博视频(251 likes)""]",2026-01-23T02:00:01+00:00,2026-01-23T02:00:01+00:00
"海洋十年国际合作中心, 腾讯公益, 腾讯互娱社会价值探索",Other,CN,1,101,213,245,0,101.0,213.0,245.0,559.0,"[""5204933874029346|和平精英的微博视频(245 likes)""]",2025-08-29T03:00:01+00:00,2025-08-29T03:00:01+00:00
云南省文化和旅游厅,Other,CN,1,213,232,245,0,213.0,232.0,245.0,690.0,"[""5154577067284307|和平精英的微博视频(245 likes)""]",2025-04-12T04:00:03+00:00,2025-04-12T04:00:03+00:00
"万达电影, 万达影城, 时光网",Brand,CN,1,140,165,242,0,140.0,165.0,242.0,547.0,"[""4950960372975143|抽奖详情(242 likes)""]",2023-09-28T07:00:00+00:00,2023-09-28T07:00:00+00:00
海南海洋欢乐电竞文旅嘉年华来袭,Other,CN,1,108,119,227,0,108.0,119.0,227.0,454.0,"[""4984360457476760|和平精英的微博视频(227 likes)""]",2023-12-29T11:00:01+00:00,2023-12-29T11:00:01+00:00
"乔乐, 松下千秋",Artist,CN,1,100,157,226,0,100.0,157.0,226.0,483.0,"[""5213012103004546|和平精英的微博视频(226 likes)""]",2025-09-20T10:00:01+00:00,2025-09-20T10:00:01+00:00
腾讯文档,Brand,CN,1,122,160,215,0,122.0,160.0,215.0,497.0,"[""5214461650015617|#和平精英#(215 likes)""]",2025-09-24T10:00:00+00:00,2025-09-24T10:00:00+00:00
AppStore,Brand,CN,1,1,1,207,0,1.0,1.0,207.0,209.0,"[""4988950119452255|鸡仔也来啦！特种兵们快来一起关注@AppStore ！(207 likes)""]",2024-01-11T02:57:41+00:00,2024-01-11T02:57:41+00:00
罗小黑战记,Anime,CN,1,398,213,205,0,398.0,213.0,205.0,816.0,"[""4902808086908055|抽奖详情(205 likes)""]",2023-05-18T10:00:00+00:00,2023-05-18T10:00:00+00:00
飞驰人生3,Movie,CN,1,129,305,143,0,129.0,305.0,143.0,577.0,"[""5267264586908888|和平精英的微博视频(143 likes)""]",2026-02-17T03:00:01+00:00,2026-02-17T03:00:01+00:00
成都市川剧研究院,Other,CN,1,99,116,136,0,99.0,116.0,136.0,351.0,"[""4885066184133211|和平精英的微博视频(136 likes)""]",2023-03-30T11:00:01+00:00,2023-03-30T11:00:01+00:00
腾讯成长守护平台,Other,CN,1,113,113,127,0,113.0,113.0,127.0,353.0,"[""4940768218974378|#好事空投，把梦翻新#(127 likes)""]",2023-08-31T04:00:01+00:00,2023-08-31T04:00:01+00:00
游戏知几,Brand,CN,1,0,29,125,0,0.0,29.0,125.0,154.0,"[""4798752231003290|和平精英的微博视频(125 likes)""]",2022-08-04T06:39:11+00:00,2022-08-04T06:39:11+00:00
镖人,Movie,CN,1,63,542,116,0,63.0,542.0,116.0,721.0,"[""5266902199043055|和平精英的微博视频(116 likes)""]",2026-02-16T03:00:01+00:00,2026-02-16T03:00:01+00:00
乔治·巴顿战车,Brand,CN,1,215,142,115,0,215.0,142.0,115.0,472.0,"[""4930711955446575|抽奖详情(115 likes)""]",2023-08-03T10:00:01+00:00,2023-08-03T10:00:01+00:00
瑞蒂奥Espera,Brand,CN,1,246,87,112,0,246.0,87.0,112.0,445.0,"[""4976387922073638|抽奖详情(112 likes)""]",2023-12-07T11:00:00+00:00,2023-12-07T11:00:00+00:00
Lamborghini,Brand,CN,1,221,87,108,0,221.0,87.0,108.0,416.0,"[""4937597320699200|微博抽奖公示(108 likes)""]",2023-08-22T10:00:00+00:00,2023-08-22T10:00:00+00:00
满江红,Movie,CN,1,178,103,87,0,178.0,103.0,87.0,368.0,"[""4861797867980286|和平精英的微博视频(87 likes)""]",2023-01-25T06:00:01+00:00,2023-01-25T06:00:01+00:00
镇魂街,Anime,CN,1,16,37,64,0,16.0,37.0,64.0,117.0,"[""5266298218742292|和平精英的微博视频(64 likes)""]",2026-02-14T11:00:01+00:00,2026-02-14T11:00:01+00:00
凸变英雄,IP,CN,1,22,25,63,0,22.0,25.0,63.0,110.0,"[""5265920736103556|和平精英的微博视频(63 likes)""]",2026-02-13T10:00:02+00:00,2026-02-13T10:00:02+00:00
会说话的汤姆猫,IP,CN,1,6,36,58,0,6.0,36.0,58.0,100.0,"[""5266283122656811|和平精英的微博视频(58 likes)""]",2026-02-14T10:00:02+00:00,2026-02-14T10:00:02+00:00
麦兜,IP,CN,1,33,23,55,0,33.0,23.0,55.0,111.0,"[""5264803364605281|#和平精英新皮肤#(55 likes)""]",2026-02-10T08:00:00+00:00,2026-02-10T08:00:00+00:00
翼鲲飞盘,Brand,CN,1,89,86,55,0,89.0,86.0,55.0,230.0,"[""4818381200687144|抽奖详情(55 likes)""]",2022-09-27T10:37:41+00:00,2022-09-27T10:37:41+00:00
"不求人, 鲨鱼哟",Artist,CN,1,18,15,49,0,18.0,15.0,49.0,82.0,"[""5265150652190749|#想去你的2026#(49 likes)""]",2026-02-11T07:00:00+00:00,2026-02-11T07:00:00+00:00
"甘肃省文化和旅游厅, 敦煌文旅, 敦煌玉门关遗址, 敦煌雅丹地质公园, 鸣沙山月牙泉",Other,CN,1,1,5,25,0,1.0,5.0,25.0,31.0,"[""5259352446865651|#和平精英把敦煌做进了海岛#(25 likes)""]",2026-01-26T07:00:00+00:00,2026-01-26T07:00:00+00:00
鹿鸣世界,Other,CN,1,1,7,21,0,1.0,7.0,21.0,29.0,"[""5258567276827747|和平精英的微博视频(21 likes)""]",2026-01-24T03:00:01+00:00,2026-01-24T03:00:01+00:00
虎牙线下直播活动《精英环游记s2》即将开启,Other,CN,1,4,14,21,0,4.0,14.0,21.0,39.0,"[""5260409415926112|#精英环游记S2#(21 likes)""]",2026-01-29T05:00:01+00:00,2026-01-29T05:00:01+00:00
罗技,Brand,CN,1,0,6,21,0,0.0,6.0,21.0,27.0,"[""5204556381688612|#和平精英#(21 likes)""]",2025-08-28T02:00:00+00:00,2025-08-28T02:00:00+00:00
仰望U7,Brand,CN,1,0,12,21,0,0.0,12.0,21.0,33.0,"[""5153168536635266|和平精英的微博视频(21 likes)""]",2025-04-08T06:43:03+00:00,2025-04-08T06:43:03+00:00
上海欢乐谷,Brand,CN,1,10,18,21,0,10.0,18.0,21.0,49.0,"[""5261466375556550|#大吉大利和平年#(21 likes)""]",2026-02-01T03:00:00+00:00,2026-02-01T03:00:00+00:00
361°,Brand,CN,1,3,5,21,0,3.0,5.0,21.0,29.0,"[""4927330923578100|#和平精英空投节#(21 likes)""]",2023-07-25T02:05:00+00:00,2023-07-25T02:05:00+00:00
虎牙,Brand,CN,1,1,7,18,0,1.0,7.0,18.0,26.0,"[""5260786898570644|#精英环游记S2#(18 likes)""]",2026-01-30T06:00:00+00:00,2026-01-30T06:00:00+00:00
一休,IP,CN,1,1,3,17,0,1.0,3.0,17.0,21.0,"[""5263368916572273|和平精英的微博视频(17 likes)""]",2026-02-06T09:00:01+00:00,2026-02-06T09:00:01+00:00
敦煌文旅,Other,CN,1,1,4,16,0,1.0,4.0,16.0,21.0,"[""5259367545841277|#和平精英把敦煌做进了海岛#(16 likes)""]",2026-01-26T08:00:00+00:00,2026-01-26T08:00:00+00:00
高德地图,Brand,CN,1,3,4,15,0,3.0,4.0,15.0,22.0,"[""5261458828952593|和平精英的微博视频(15 likes)""]",2026-02-01T02:30:01+00:00,2026-02-01T02:30:01+00:00
TapTap,Brand,CN,1,2,4,11,0,2.0,4.0,11.0,17.0,"[""4891531427448434|和平精英祝TapTap7周年生日快乐，感谢各位特种兵一直相伴，转发微博即可参与游戏锦鲤抽奖哦~  鸡(11 likes)""]",2023-04-17T07:10:35+00:00,2023-04-17T07:10:35+00:00
京东物流,Brand,CN,1,1,9,7,0,1.0,9.0,7.0,17.0,"[""5179657319877775|京东物流的微博视频(7 likes)""]",2025-06-20T09:00:01+00:00,2025-06-20T09:00:01+00:00
饿了么,Brand,CN,1,0,6,3,0,0.0,6.0,3.0,9.0,"[""5040102841778984|#饿了么全新IP大蓝来了#(3 likes)""]",2024-05-31T06:40:21+00:00,2024-05-31T06:40:21+00:00
